"RelativePath","Length","LastWriteTime","SHA256"
"Data2\map\array\9TRANS.ROMZ","25976","2019-03-29 14:45:14","23F87C605EFB897312318DA8973303C2892A176EF38D0EF1BDD2A5F45F98A4A5"
"Data2\map\array\array.Can","1336","2019-03-29 14:45:12","FAB5D383BEA882D17952741F49C80BA9DFD683AEB76AA4F844AB862316994B0B"
"Data2\map\array\array.mbdZ","13275","2019-03-29 14:45:14","D1FCDAC5D0567EA7A54AA11DF115FDAE56B54FA7980C2168FF2AF6E2091A5D9E"
"Data2\map\array\array.mdlZ","658","2019-03-29 14:45:14","13915728449821927FCBFB77542D4332AB7DEE43C39C365FDDF4CC23DBB68CAF"
"Data2\map\array\array.mdtZ","244","2019-03-29 14:45:14","8170FC1B3A70E4B671A8FFF2D6E87851BE9314C61562037B8C5606FAB2E5F9C9"
"Data2\map\array\array.mmbZ","1406","2019-03-29 14:45:14","3A85E50AEAED2C51BDF692BB29D9D3E21A92908E474315A4FB3535BABA400E43"
"Data2\map\array\array.romZ","457185","2019-03-29 14:45:16","3C94C0CB6BC86B12F66F02CCF9AB4B5B739EDFECB301163A4FE847634C68464F"
"Data2\map\array\array01\array01.mbd","226064","2021-02-02 10:15:12","71F714442B093D73D6C13DF3296DDAB412D18E3EEDF1EC3AEEC8F868F4F4F7E5"
"Data2\map\array\array01\array01.mbdZ","43185","2019-03-29 14:45:14","82E23877B0D749DA67DCC359393E8037ED35CA4C64E6DCD9929A4D1CD6078A7F"
"Data2\map\array\array01\array01.mdlZ","4176","2019-03-29 14:45:14","395E824B50D63A0D84BE2D987B8B729A10FAF492D88D51D820572AF953090462"
"Data2\map\array\array01\array01.mdtZ","241","2019-03-29 14:45:14","327097D1B2C1E92DA16DD5DA89AF063522CFE55BB692A364701982F0439D3F37"
"Data2\map\array\array01\array01.mmbZ","3446","2019-03-29 14:45:14","3E3BD3749CB05A27159AAB9DE37A2EF1A6242CB37F8C411AAB9CDAC9B7551A79"
"Data2\map\array\array01\S31D.ROMZ","209246","2019-03-29 14:45:54","70406C06A4EDD7B9D5B995B9EB710D1109E4E8B85D884149F640EFEB7074564D"
"Data2\map\array\array01\ST_9.ROMZ","79506","2019-03-29 14:45:58","93647D2477088C5E61285098C4FD0802C498E7D03B5455AD32BA0AF2A5F5DF9B"
"Data2\map\array\array01\TongG.romZ","445313","2019-03-29 14:45:58","299D9843CB03DBBDB570205EDD432F284E52299E2E3B65BC1997A9426ECACB37"
"Data2\map\array\array01\trees.ROMZ","1721274","2019-03-29 14:46:00","84115933086AE59B0820B30531CA663B0E43EE6A4C282D04289823A5CD589F60"
"Data2\map\array\array02\array02.mbd","226064","2025-10-17 00:11:52","906C4F077AA68FDD79FAB490551AE91E000A8D4652A2CA255A38ADEC203848A3"
"Data2\map\array\array02\array02.mbdZ","35482","2019-03-29 14:45:14","B368F8C647DEA7E942BDA8AFCEB2E7FF91FEEF23DE95A6382C4F1BC2EA93F760"
"Data2\map\array\array02\array02.mdlZ","5304","2019-03-29 14:45:14","BDA2469E8D5D78EAC01A4E045B162C9A32A5D237FAC7D935216488A8A8B9DA4E"
"Data2\map\array\array02\array02.mdtZ","289","2019-03-29 14:45:14","A194BB02CD9B37275D410B1BA1A3DD6D316E206A70192EE316D20DD521DC5D9C"
"Data2\map\array\array02\array02.mmbZ","3505","2019-03-29 14:45:14","CE83F94080315D958919FDFBA66BC0966D4EFB01CE5FFAC09EF42E45C83308E0"
"Data2\map\array\array02\C2Fix01.ROMZ","3421","2019-03-29 14:45:16","F8C320B7740D187E98162DF850859C9EAB886843A40C622F863CB50FDE78EE85"
"Data2\map\array\array02\stoneG.ROMZ","126655","2019-03-29 14:45:58","E83ADDAFE8244EF2E47773140A01EAD531F42BA70042FB3C836F5469137D7624"
"Data2\map\array\array02\stoneM.ROMZ","1018834","2019-03-29 14:45:58","AF78A4224A527A123846C52D615EC9060ED733808217882B46E00F26D46A173D"
"Data2\map\array\array02\StoneU.ROMZ","917161","2019-03-29 14:45:58","50FA9C9CF54AEAB8D38BDBA7C16CDBACE346FF1D1F657360A770157BFE70EA9C"
"Data2\map\array\array03\array03.mbd","353216","2025-10-17 20:40:22","A3A8ED64655F99AA34C03AC6F586B20AB53646C75FD0C622DF6D7EE7FC7318F6"
"Data2\map\array\array03\array03.mbdZ","59487","2019-03-29 14:45:14","C31F92EF9D8D9568E7C4252FEC5269DB00A0C17FF8F01CAA7957EEEDAA9A0C9A"
"Data2\map\array\array03\array03.mdlZ","10730","2019-03-29 14:45:14","9FFF6DD94E31E40D89ACA4072E517DA16675891B08A1EF6948445BC3E95FFEBA"
"Data2\map\array\array03\array03.mdtZ","485","2019-03-29 14:45:14","5280BBBAC890A4F8AB5F5D77EFDBB5ACB35F48464FADD971E2E0C662794FB0E9"
"Data2\map\array\array03\array03.mmbZ","15759","2019-03-29 14:45:14","38C400AE1EB2B4D7193BB3E784BB6903A72E856FD7034F58C320E4257428C671"
"Data2\map\array\array03\MazeM1.ROMZ","1157507","2019-03-29 14:45:40","106B76317B6BB774D7A592C02B19111D90335DC47C9E356D7B805C0FB6D570D3"
"Data2\map\array\array03\MazeM2.ROMZ","858192","2019-03-29 14:45:40","4595DC59DFDA95F219A3FBD1C7A6854682EEB43D43745B3FF0082AD0C6181B21"
"Data2\map\array\array03\MazeT1.romZ","599596","2019-03-29 14:45:40","B020CFBFB1C6CB0768FB2779577E832F6043BED1089FB2853956A7885606C6F3"
"Data2\map\array\array03\MazeT2.romZ","82425","2019-03-29 14:45:40","FDA8FFD68CEA59B73C5F15F4C3866E1AD83964F5D3970309CE2ACA398AB0AC6F"
"Data2\map\array\array03\Trans.ROMZ","131080","2019-03-29 14:46:00","12195665A2092B6B464C1E8D1B5296B19915ED583BC58557B59376BAD346D982"
"Data2\map\array\array04\array04.mbd","169552","2025-10-17 00:46:48","E307B8387AD5DC11DCA2B189CAED1FB941A911014D64C5344453635BC08F66E6"
"Data2\map\array\array04\array04.mbdZ","22490","2019-03-29 14:45:14","74447E6D39B02BC5460172408680EA7BB3DCC6BB65B66EEC5AC1D56F690BD1DE"
"Data2\map\array\array04\array04.mdlZ","2139","2019-03-29 14:45:14","26C54CE3428B5A861128DC15C2CBD45FAFF7B21C83FCF6BBACCE126CE26A90EF"
"Data2\map\array\array04\array04.mdtZ","224","2019-03-29 14:45:14","D0A1D42273F9B06F86E49DBC8BB3D97333B60908CD565B0414666B8342955AF5"
"Data2\map\array\array04\array04.mmbZ","2620","2019-03-29 14:45:14","5A3CF3938328BA2F8CF646A59187DDDFD49FFA31EEE36C99F4BCAB0FB9EB3E49"
"Data2\map\array\array04\REO.ROMZ","160136","2019-03-29 14:45:52","313351EABAA51EB35ECC64D5AE41F40B56866F1E0B0D8AFC9821A4575B10444C"
"Data2\map\array\array04\RLG.ROMZ","3356","2019-03-29 14:45:52","F33C7B365C86896101A43775BF42F832909B0099C4D4DF2DE06E53F2096AB632"
"Data2\map\array\array04\RLM.ROMZ","392296","2019-03-29 14:45:52","C3F9028FACD42DA5142E7A365F82B378562CA5DAE4C0C60ED0CF384580B128DA"
"Data2\map\array\array04\RMG.ROMZ","45943","2019-03-29 14:45:52","86D46A3F69C2F8866115AC003EBAAA718FEEA953A8479191B97F86CC8A606BF3"
"Data2\map\array\array05\array05.mbd","296704","2025-10-17 00:14:00","8065489482C4EBB9844837C76DAE6DD94DDE6FB8953E4F722BF7EE27E6C3E73E"
"Data2\map\array\array05\array05.mbdZ","56831","2019-03-29 14:45:14","0CD70158A9FE297546CC9C64FB26266083BDC983FC928902EAA7D0D950719B8A"
"Data2\map\array\array05\array05.mdlZ","5361","2019-03-29 14:45:14","67368AC16963A868403C18F9068585FE1EB5C515E1143DA5ADDA660F25664798"
"Data2\map\array\array05\array05.mdtZ","289","2019-03-29 14:45:14","E6443FEE92961FD7F0E62CCBB4DEA1E58B5136E403D7F09C26B0314DF879E8D2"
"Data2\map\array\array05\array05.mmbZ","4677","2019-03-29 14:45:14","D610944F5AFB9F12E24A32E1AB60980D56F8637500DB5A84CEA5140BE48CBDFB"
"Data2\map\array\array05\SM6.ROMZ","2470224","2019-03-29 14:45:54","2D5E86863472562588A5685BB4020B1EEF035FEB9D6E592681FD03FB0543627E"
"Data2\map\array\array05\SMLG.ROMZ","460163","2019-03-29 14:45:54","95CDA0254C3224F5FFA1DA71221604D508B43D1FCCCEED67BA179AA134D19EA3"
"Data2\map\array\array06\9TG2.romZ","1410880","2019-03-29 14:45:14","32022E71E0A9F22E376932E516171F0A5B52408CEE9B2F2A214631078AEC859F"
"Data2\map\array\array06\9TRANS.ROMZ","25976","2019-03-29 14:45:14","23F87C605EFB897312318DA8973303C2892A176EF38D0EF1BDD2A5F45F98A4A5"
"Data2\map\array\array06\array06.mbd","423856","2022-12-13 14:43:04","9A8577C8B26266E18CAC1DC643B52EB46C3214B1CCB1D0DE75C390A418229C1B"
"Data2\map\array\array06\array06.mbdZ","79244","2019-03-29 14:45:14","A1CFBB4555751EAEB02E442E8DAA82296993C3AF5743A4122CB56B1080549B21"
"Data2\map\array\array06\array06.mdlZ","5471","2019-03-29 14:45:14","F96E3631BACD19FF44BA1E847A69924A532ED045759CC93AEA11D1A76020A8D3"
"Data2\map\array\array06\array06.mdtZ","516","2019-03-29 14:45:14","24D14394345F1D77ADCA1E2A4CC3113B99C344EDECF717DAF8284492DE472201"
"Data2\map\array\array06\array06.mmbZ","6698","2019-03-29 14:45:14","70B021D7C9A7A9BA97A7893A983E38D89CCCB4628DA6ECDB62669C27C8E4ADA6"
"Data2\map\array\array06\LAMP.ROMZ","15356","2019-03-29 14:45:38","AB4DB3B01B99F6AF006ABFAADCBC9587D1A64998C1E8C30ED9D83ED34BF14DD6"
"Data2\map\array\array06\LIO.ROMZ","121967","2019-03-29 14:45:38","BBC52E251FBC71AD6EB294FBDFE6AB35F483F6983231DBDE2A4B5CB727420BD0"
"Data2\map\array\array06\lotus.ROMZ","692918","2019-03-29 14:45:38","D366A1AE54069A1066172FBD75773815B8A8FF23C04E0325469E8951760586B3"
"Data2\map\array\array07\array07.mbd","353216","2022-10-28 17:02:32","F9F96B69BF37669B5DD75CD76D06CE82C62950529D8248531F3AB638EA74C1AF"
"Data2\map\array\array07\array07.mbdZ","49628","2019-03-29 14:45:14","EBED437D9F1EDC456BC4304BEB52EEFCDFD7F25BE946DED3CD6FD11BEFB90690"
"Data2\map\array\array07\array07.mdlZ","6747","2019-03-29 14:45:14","7E7D7191CDF45CCE0CFAC64E36C26311DD5C02B84369972BF393C8F4A39FCB2C"
"Data2\map\array\array07\array07.mdtZ","223","2019-03-29 14:45:14","35B3EEAA84E6586B578F1C608274D84BBE878A2DD7D798FD6C826011A96BDF7C"
"Data2\map\array\array07\array07.mmbZ","5335","2019-03-29 14:45:14","53FD6FE1C880635BA26DEE7184238E078AC23B30391A95549C09D9AAC6A5039A"
"Data2\map\array\array07\Blade.ROMZ","131077","2019-03-29 14:45:16","2C25F453745264E494B87BEDD0E67A0A245FAB23F4AD87FC7CCEF10BB81C41DB"
"Data2\map\array\array07\RLG.ROMZ","3357","2019-03-29 14:45:52","CFD7092A4E38DED69EB89C05B9B9B51B363B62F5C9A63583F5654B001045A00B"
"Data2\map\array\array07\RMG.ROMZ","45943","2019-03-29 14:45:52","86D46A3F69C2F8866115AC003EBAAA718FEEA953A8479191B97F86CC8A606BF3"
"Data2\map\array\array07\Rmm.ROMZ","1685584","2019-03-29 14:45:52","053AD51DAB35CBBBB1FDA2EA2429B74DDEC25FEEC39DD09788C7DD28CDD3E296"
"Data2\map\array\array08\A08M01.ROMZ","693929","2019-03-29 14:45:14","3D72CA1674923E79BDDCB36186B73C3FC191E0C435ACFBCC147DC3C9A6D2745E"
"Data2\map\array\array08\array08.mbd","529816","2026-04-22 00:23:22","DDDBE186716EFA397AFF71EF29F36BE895EA89C285AE1F4388117E94CA4206C4"
"Data2\map\array\array08\array08.mbdZ","79424","2019-03-29 14:45:14","B1AB9B4B4F9D6A65535C30F82359039884D036DDC4311F31EB3DCE5D87EACEA0"
"Data2\map\array\array08\array08.mdlZ","5296","2019-03-29 14:45:14","51751B417E013E7E9268D2BF4B61A308A14AD78994EEF7F81BB01708E8DD3328"
"Data2\map\array\array08\array08.mdtZ","461","2019-03-29 14:45:14","D266628699B63B35BECA7DE99FC4910234A248B856F2E18D820895840A549C90"
"Data2\map\array\array08\array08.mmbZ","8107","2019-03-29 14:45:14","74C6134042378E78381C4EE2C2668567C0246A48C9C5193E8EF0629B7F4CCEBD"
"Data2\map\array\array08\dwG.romZ","1920055","2019-03-29 14:45:18","E36781708E893AB6B40421B487E451254C1A9FC00E51705BFE9B9CD73BE6664E"
"Data2\map\array\array09\A09M01.ROMZ","23401","2019-03-29 14:45:14","4DE3203C9A74480AE2070A48CC1D50E9237EE2F5FA0076D1446655164B5C29AE"
"Data2\map\array\array09\array09.mbdZ","37641","2019-03-29 14:45:14","E8771D57F61501D28976311B1ECFC0F17DD1471498662592436F71D9447B6825"
"Data2\map\array\array09\array09.mdlZ","3205","2019-03-29 14:45:14","0D4A3BCFE88FADEC1F8C26398995034A06F035F11FE0CA5DFFD852EBAC911F0D"
"Data2\map\array\array09\array09.mdtZ","276","2019-03-29 14:45:14","C7CBEED5487C6A1C1338DDA82603D38AD1A1DC796EB920216AC76E366070E978"
"Data2\map\array\array09\array09.mmbZ","3580","2019-03-29 14:45:14","E0E9EDDBABAAF35C49283961F171C15C6A76C8A92E98D2ACE8DF27AE53B7A9F7"
"Data2\map\array\array09\SM1.ROMZ","1886985","2019-03-29 14:45:54","27B7296F65AED6CF574AEBB27CC319309B823795D8AE03CE13AA57255255254B"
"Data2\map\array\array09\SMHG.ROMZ","458462","2019-03-29 14:45:54","88A4AAB7909D93EF938DA9AD1AA9F1782C617397BAA37C0849EED30613181C41"
"Data2\map\array\array10\array10.mbd","226064","2025-12-20 19:05:42","084C953C17431CC498E627A99470EA1C5334E4F9829D37B4E979CF2D3DADA239"
"Data2\map\array\array10\array10.mbdZ","33358","2019-03-29 14:45:14","7D21D11FFC465F4ACB8FFF6167E224CA9A93C2809CF747116D20C0C7F36DF3AE"
"Data2\map\array\array10\array10.mdlZ","4229","2019-03-29 14:45:14","C1CB9A1BF245B09364312B06AB0C397CE17D1113929E98D0FC6568CDC51F582A"
"Data2\map\array\array10\array10.mdtZ","216","2019-03-29 14:45:14","EEF667485FD7644903F1350BB7B312B07B6BAA716C45AD045059FE7000EC8F4E"
"Data2\map\array\array10\array10.mmbZ","3529","2019-03-29 14:45:14","17873940714C5672288102F0FD419A5B39330F7FAD1F20371955AB73C5A55598"
"Data2\map\array\array10\ICE01.ROMZ","60233","2019-03-29 14:45:36","F254DA20D82266EC75E25CB44085A7F908965F9F7F10C8CF20D4674E3E0E1721"
"Data2\map\array\array10\IceM01.ROMZ","330397","2019-03-29 14:45:36","B116E0E1EF183A7A47C3258C47E35397F41AF2DBBDA9D2DFF99985B07D12CCA0"
"Data2\map\array\array11\array11.mbd","445048","2025-12-20 22:27:37","054E83F993D22A32152E811B834F34512F4F98ABC410E390E4B365989E537764"
"Data2\map\array\array11\array11.mbdZ","104098","2019-03-29 14:45:14","CA5218747A378857B79D8F437822EE9A6285C559A3577F0D1758C6AC32C76E30"
"Data2\map\array\array11\array11.mdlZ","3643","2019-03-29 14:45:14","C482C2F01417FDF67581B8317C43877669470968A9FEEA0470E6693E7289A229"
"Data2\map\array\array11\array11.mdtZ","295","2019-03-29 14:45:14","E5E87081D72C977866690A9112ADBC5E862FED9B9A33FE8D7F8513B89112DD84"
"Data2\map\array\array11\array11.mmbZ","19947","2019-03-29 14:45:14","ECDBF07E5CDC332006987370D0133C6F92B016EB152AE1DC68CC9759A6E12E16"
"Data2\map\array\array11\FG_A.romZ","691525","2019-03-29 14:45:32","504BC141F822A22E4961CBB65237CD94B39660B6C5BE73116E43523EC41D9E58"
"Data2\map\array\array11\FM.ROMZ","723193","2019-03-29 14:45:32","5407BEEEC1ACD2A5F56F9C9535C0A70F77373245E53CFF64FA33101397713F28"
"Data2\map\array\array12\array12.mbdZ","96464","2019-03-29 14:45:14","18944B6F7F1791DCBF235851A8A0BD847AE984CC0DFFC30742F9E373718212A5"
"Data2\map\array\array12\array12.mdlZ","5767","2019-03-29 14:45:14","CD77AD97D0F3F6CA5B61DD619050BEC756F40207A95C1D56462D39383F4AB2A5"
"Data2\map\array\array12\array12.mdtZ","336","2019-03-29 14:45:14","A896F1CB40FAD379D95DB8A3B214DCAE4E01EAEAFF9720E0CA7C72A8C5AFAB13"
"Data2\map\array\array12\array12.mmbZ","6668","2019-03-29 14:45:14","670917D8238D969B61AD361710C28C5DE9190D7DB298F4745812672A094A8542"
"Data2\map\array\array12\RW01.ROMZ","511281","2019-03-29 14:45:52","42BE7F20344BE9ACA0AF337952CE349346736A9D462755F9540BF1253E7BFDE0"
"Data2\map\array\array12\RWG01.romZ","430830","2019-03-29 14:45:52","ADAEEE711D6660F9EEF4F94A4E6963FBF5C3727C1890DBB0E5D59E49ACAA10BB"
"Data2\map\array\array12\RWW01.romZ","527133","2019-03-29 14:45:52","374AD592F890E8D42A35CD262647D34F0A1A11CD6A9C087B262905E11283F184"
"Data2\map\array\array13\array13.mbd","353216","2026-04-17 16:35:57","1B117AF8ED0F5B536581043A81CA204A0C820DFC7138DA47E6132C85D93ECA61"
"Data2\map\array\array13\array13.mbdZ","57256","2019-03-29 14:45:14","0FB3E9D417924017E47F135A26AFFCA24DF498168076E65FA140F16520C15772"
"Data2\map\array\array13\array13.mdlZ","4057","2019-03-29 14:45:14","813E2097290BBCE0F86E9FF4E95FF9FE1B55A27E9B9F3DA31C5CD15447EE570A"
"Data2\map\array\array13\array13.mdtZ","366","2019-03-29 14:45:14","958A371344BBF81344DBE5045F5221856F92834185C6C08534322C320995C409"
"Data2\map\array\array13\array13.mmbZ","5482","2019-03-29 14:45:14","215B896C3128508205E7756790485C802E538603CCAB0D94B65B61A064E9D9E8"
"Data2\map\array\array13\dwG.romZ","1915450","2019-03-29 14:45:18","0BCA61828AFEA61BB624C0B08B188BB34069BBE85E699FC895A20C700786D60C"
"Data2\map\array\array13\WM_A01.ROMZ","491548","2019-03-29 14:46:00","ACD59C692FB3B0F90F0BC470E15E6FF64A38D4C43722CBB574C73F33A49C9A4B"
"Data2\map\array\sroom\SRG.ROMZ","458467","2019-03-29 14:45:58","13F9433D13F1DD06A92AF35B1465427971F5896DC7077F1D46639AFA7CD89365"
"Data2\map\array\sroom\SRM.ROMZ","694376","2019-03-29 14:45:58","07761DDAA0279D1966D648D34023E6B1757CB228C56EEE99C6BD584076078A64"
"Data2\map\array\sroom\sroom.mbd","88316","2025-10-24 20:40:28","0CFF455666360A4F13F07A183E3C46C558DCA6DA6ECDDEF33A04F976F34A9A39"
"Data2\map\array\sroom\SRoom.mbdZ","18726","2019-03-29 14:45:14","C592B4A74DFEA3CC70EB55998D64798C376D5EFA111D278AE4B7F8A265239BAD"
"Data2\map\array\sroom\SRoom.mdlZ","1574","2019-03-29 14:45:14","CBEB84B86B2EF4FCF6553FF19E61D88725F5813D3AA570BD8433C835AF256817"
"Data2\map\array\sroom\SRoom.mdtZ","274","2019-03-29 14:45:14","E142ABD81DA10B9E9C6581B0C8F08617DE8B263A088D7A01A4C1AC55C289112A"
"Data2\map\array\sroom\SRoom.mmbZ","1542","2019-03-29 14:45:14","E890A91AC376A86502A0073A55B7661C42AFF8FA727699E7E3537A7F19ACFA4E"
"Data2\map\array\sroom02\SRG.ROMZ","458471","2019-03-29 14:45:58","05E6AC0FA443D254F507A3139A1751AABFF62C9D75A469E1B9CA6E4B3C91D8CC"
"Data2\map\array\sroom02\SRM.ROMZ","694376","2019-03-29 14:45:58","07761DDAA0279D1966D648D34023E6B1757CB228C56EEE99C6BD584076078A64"
"Data2\map\array\sroom02\sroom02.mbd","88316","2022-11-02 17:22:38","C0BF4919CDF3DCE7E34CF358C49EA89FA7BEDF0F1D6E7A0A6FE7536E8F9CE355"
"Data2\map\array\sroom02\SRoom02.mbdZ","18189","2019-03-29 14:45:14","BAEF56E282869AB88EC35DD421CF97B686E0507F2174E59240CB490830129996"
"Data2\map\array\sroom02\SRoom02.mdlZ","1465","2019-03-29 14:45:14","08A39517CB00D025937F0B6C9AD1B98666D08F706A242F658E925827413307FD"
"Data2\map\array\sroom02\SRoom02.mdtZ","274","2019-03-29 14:45:14","E142ABD81DA10B9E9C6581B0C8F08617DE8B263A088D7A01A4C1AC55C289112A"
"Data2\map\array\sroom02\SRoom02.mmbZ","1582","2019-03-29 14:45:14","ECC1F2EE00FF36BF54C0681F554C85BE5732A95BB926CC41F4CFF64084160E8B"
"Data2\map\array\sroom03\SRG.ROMZ","458471","2019-03-29 14:45:58","05E6AC0FA443D254F507A3139A1751AABFF62C9D75A469E1B9CA6E4B3C91D8CC"
"Data2\map\array\sroom03\SRM.ROMZ","694376","2019-03-29 14:45:58","07761DDAA0279D1966D648D34023E6B1757CB228C56EEE99C6BD584076078A64"
"Data2\map\array\sroom03\SRoom03.mbdZ","18244","2019-03-29 14:45:14","F52D7895D8860ADC3896318ADF354F91A5172BDBCF955FA4F2217D9C82597A4E"
"Data2\map\array\sroom03\SRoom03.mdlZ","1382","2019-03-29 14:45:14","DCFD02C0217DF947EB3CC71D47339BC7E2E0B257D6029F37C8B8949BCD3D8FE0"
"Data2\map\array\sroom03\SRoom03.mdtZ","313","2019-03-29 14:45:14","C6AC0C3534A71F18E90D32EE099BEFA2C463529F51E2E43CD94ABF37203436A5"
"Data2\map\array\sroom03\SRoom03.mmbZ","1603","2019-03-29 14:45:14","D6AD4286AEFE121693FC058D3C95EAA1CCD9A11CB8DACE6C9E31713F4A8DBB67"
"Data2\map\array\sroom04\SRG.ROMZ","458471","2019-03-29 14:45:58","05E6AC0FA443D254F507A3139A1751AABFF62C9D75A469E1B9CA6E4B3C91D8CC"
"Data2\map\array\sroom04\SRM.ROMZ","694376","2019-03-29 14:45:58","07761DDAA0279D1966D648D34023E6B1757CB228C56EEE99C6BD584076078A64"
"Data2\map\array\sroom04\SRoom04.mbdZ","18122","2019-03-29 14:45:14","FCEFDD80D0FE70FF2A625D3535B2B64B59ACC7F4D89942513D88A6A47B18AD02"
"Data2\map\array\sroom04\SRoom04.mdlZ","1498","2019-03-29 14:45:14","199C3DEF942CE1F44B7B08761671C25D2F41972EEC0A44233DDFC5BA60963D9B"
"Data2\map\array\sroom04\SRoom04.mdtZ","313","2019-03-29 14:45:14","C6AC0C3534A71F18E90D32EE099BEFA2C463529F51E2E43CD94ABF37203436A5"
"Data2\map\array\sroom04\SRoom04.mmbZ","1580","2019-03-29 14:45:14","2282DAC068B55F96E0BC1BEBBA59B6A9EA021E3E43AE1CB77A2690A7A14E65DB"
"Data2\map\array\sroom05\SRG.ROMZ","458471","2019-03-29 14:45:58","05E6AC0FA443D254F507A3139A1751AABFF62C9D75A469E1B9CA6E4B3C91D8CC"
"Data2\map\array\sroom05\SRM.ROMZ","694376","2019-03-29 14:45:58","07761DDAA0279D1966D648D34023E6B1757CB228C56EEE99C6BD584076078A64"
"Data2\map\array\sroom05\sroom05.mbd","88316","2022-11-02 17:27:12","18B9A9E7CD17BBDB03A51DEF07CB54209D76448A8FB66F5087A3B3E4F58F58E0"
"Data2\map\array\sroom05\SRoom05.mbdZ","18332","2019-03-29 14:45:14","BFAFE5D2A7E3175CE1954C0211DCC015CB1B759F3DE07C749DCD8694201A05B4"
"Data2\map\array\sroom05\SRoom05.mdlZ","1551","2019-03-29 14:45:14","914F88D05419675B36DC1D8B49E412A8C3650D41AEB83D7138902A15865E661B"
"Data2\map\array\sroom05\SRoom05.mdtZ","313","2019-03-29 14:45:14","C6AC0C3534A71F18E90D32EE099BEFA2C463529F51E2E43CD94ABF37203436A5"
"Data2\map\array\sroom05\SRoom05.mmbZ","1579","2019-03-29 14:45:14","5068E2F8523911B378DF6B854007BD1EB49B6399DF7BC272970AD6F3B015B818"
"Data2\map\array\sroom06\SRG.ROMZ","458471","2019-03-29 14:45:58","05E6AC0FA443D254F507A3139A1751AABFF62C9D75A469E1B9CA6E4B3C91D8CC"
"Data2\map\array\sroom06\SRM.ROMZ","694376","2019-03-29 14:45:58","07761DDAA0279D1966D648D34023E6B1757CB228C56EEE99C6BD584076078A64"
"Data2\map\array\sroom06\SRoom06.mbdZ","18094","2019-03-29 14:45:14","AFF94FEBB70F3E9BDD6B9F7AFFB3EF073D44BEC8F6B66AA0188A2058D781C043"
"Data2\map\array\sroom06\SRoom06.mdlZ","1447","2019-03-29 14:45:14","6B0DA4D5C7D2E972E94316CE70B0511D2D3BC5B7C4B28298A7937BA25E47A40D"
"Data2\map\array\sroom06\SRoom06.mdtZ","313","2019-03-29 14:45:14","C6AC0C3534A71F18E90D32EE099BEFA2C463529F51E2E43CD94ABF37203436A5"
"Data2\map\array\sroom06\SRoom06.mmbZ","1572","2019-03-29 14:45:14","F702D971DB5392F9971756B4CE37AB95B5613D90EFB57312909D2E4D3231B502"
"Data2\map\gem\9TRANS.ROMZ","25976","2019-03-29 14:45:14","23F87C605EFB897312318DA8973303C2892A176EF38D0EF1BDD2A5F45F98A4A5"
"Data2\map\gem\gem.can","1732","2019-03-29 14:45:12","8558889A6DA9D12BDCBED684FD0323DA376D19F455851CCAED13729B22A2D2F4"
"Data2\map\gem\gem.mbdZ","13247","2019-03-29 14:45:14","473396090BDF9B592CD77CF8027A7348310DA0805D52148F205772683D477BB1"
"Data2\map\gem\gem.mdlZ","695","2019-03-29 14:45:14","48D185B6620E371053324C8F2E017A8D852B253157F2100274C29F9D0B49A1F1"
"Data2\map\gem\gem.mdtZ","251","2019-03-29 14:45:14","EC5374DDDAA501E1D4D03CCE4031D56BB500F2CC51D081A8F930D0F596ED66D6"
"Data2\map\gem\gem.mmbZ","1406","2019-03-29 14:45:14","3A85E50AEAED2C51BDF692BB29D9D3E21A92908E474315A4FB3535BABA400E43"
"Data2\map\gem\gem01\gem01.mbd","727720","2025-10-18 20:36:02","A94273D8B69CB1C1BB6F1BEF0B0F1C9C160BE83FF0A751C6A4F6F5D488BF56CC"
"Data2\map\gem\gem01\gem01.mbdZ","118952","2019-03-29 14:45:14","9B8948A4311050CAF075BAC629514F09577687BE83AD959E66096F52BC9EC098"
"Data2\map\gem\gem01\gem01.mdlZ","10489","2019-03-29 14:45:14","FC02677098CE544B4153DA7C80BFDF4946052E83D675CA4FC0E80B4FDF3E9E8D"
"Data2\map\gem\gem01\gem01.mdtZ","263","2019-03-29 14:45:14","D8BDB643F8D13DD9EEC8BCD2EA90FA5B0AC9C7D0B671A057C6F544A7B905492C"
"Data2\map\gem\gem01\gem01.mmbZ","36692","2019-03-29 14:45:14","68B2A89B69270ADF1A19FE2A4A39DFE9F2A4EF70BA37CDCB793C9987498D60D5"
"Data2\map\gem\gem02\gem02.mbd","1027960","2025-12-22 14:00:43","EF48ADF854C2770A61B1B1A910C1358B836DB4A898C8796F2C103E6B97B888EF"
"Data2\map\gem\gem02\gem02.mbdZ","161257","2019-03-29 14:45:14","149E418E7ED9380D312D55F8DF8C8E05664EC706842315CFE2FF8C969F7E4253"
"Data2\map\gem\gem02\gem02.mdlZ","16597","2019-03-29 14:45:14","DAF2243A3480CDF10E5CF063F985026E7DBCCCADE203CE0FED18E1B52FBF652E"
"Data2\map\gem\gem02\gem02.mdtZ","388","2019-03-29 14:45:14","A8C56D11EB0FE18491DC0A542C43333A97F27FC158D095EF5F99D7FD2C952C05"
"Data2\map\gem\gem02\gem02.mmbZ","50765","2019-03-29 14:45:14","FD88AC25599C673A1B81CEC6EFBC32EC692D1CB80CB05D095E9CB3327B401BAD"
"Data2\map\gem\gem03\gem03.mbd","1027960","2025-10-18 22:27:20","78397F04F5D6A2804D49F95BAD421347BB44D2FF0CC8C8F911CC0187B4CBE735"
"Data2\map\gem\gem03\gem03.mbdZ","154993","2019-03-29 14:45:14","1D61EDB0113518924D2F63A4E104133FBE2BFE82353ACCD5C59F6702D78339BD"
"Data2\map\gem\gem03\gem03.mdlZ","8275","2019-03-29 14:45:14","6EDABFC9FA16D327B38BEF0903DB226A55519AB3307C442674F2AB108D1C8BAA"
"Data2\map\gem\gem03\gem03.mdtZ","484","2019-03-29 14:45:14","8E8A631559B4057B2F7067E595182B32837F63B7772C63F254DCAAB9E9295811"
"Data2\map\gem\gem03\gem03.mmbZ","17161","2019-03-29 14:45:14","6CF88411A63E1EA4EA2DEF443D24B6B238345C679BAA4106FC0B20BC22BBB87A"
"Data2\map\gem\gem04\gem04.mbdZ","147699","2019-03-29 14:45:14","11CD36DCFA2AD66FAFB1A214F2D2A4AADC1F806BA4DEF2B705064296E36B6100"
"Data2\map\gem\gem04\gem04.mdlZ","20357","2019-03-29 14:45:14","DED5AC07A18A215A066AC603CB3944A003BCD946FB6A2C1C4BB2803D419A2953"
"Data2\map\gem\gem04\gem04.mdtZ","1098","2019-03-29 14:45:14","B73F4D2A9D0A8274A35311494A62AD56B9347813C3EA50EF47DA14E726D9FEEF"
"Data2\map\gem\gem04\gem04.mmbZ","36699","2019-03-29 14:45:14","0C053CF60A03577BC3544125014A4D3C9649183882DDFEDD782BAB07232A92BA"
"Data2\map\gem\gem04a\gem04a.mbdZ","147699","2019-03-29 14:45:14","11CD36DCFA2AD66FAFB1A214F2D2A4AADC1F806BA4DEF2B705064296E36B6100"
"Data2\map\gem\gem04a\gem04a.mdlZ","20357","2019-03-29 14:45:14","FDDA3DE1416479E5530E990002BAA9A26CF278F71197514B480E475EA59F259A"
"Data2\map\gem\gem04a\gem04a.mdtZ","1098","2019-03-29 14:45:14","B73F4D2A9D0A8274A35311494A62AD56B9347813C3EA50EF47DA14E726D9FEEF"
"Data2\map\gem\gem04a\gem04a.mmbZ","36699","2019-03-29 14:45:14","0C053CF60A03577BC3544125014A4D3C9649183882DDFEDD782BAB07232A92BA"
"Data2\map\gem\gem04b\gem04b.mbdZ","147699","2019-03-29 14:45:14","11CD36DCFA2AD66FAFB1A214F2D2A4AADC1F806BA4DEF2B705064296E36B6100"
"Data2\map\gem\gem04b\gem04b.mdlZ","20358","2019-03-29 14:45:14","F11D1A62C23991A91FCC0DB8B1AA506266062479F8E58711C8456DD014ABA70F"
"Data2\map\gem\gem04b\gem04b.mdtZ","1098","2019-03-29 14:45:14","B73F4D2A9D0A8274A35311494A62AD56B9347813C3EA50EF47DA14E726D9FEEF"
"Data2\map\gem\gem04b\gem04b.mmbZ","36699","2019-03-29 14:45:14","0C053CF60A03577BC3544125014A4D3C9649183882DDFEDD782BAB07232A92BA"
"Data2\map\gem\gem04c\gem04c.mbdZ","147699","2019-03-29 14:45:14","11CD36DCFA2AD66FAFB1A214F2D2A4AADC1F806BA4DEF2B705064296E36B6100"
"Data2\map\gem\gem04c\gem04c.mdlZ","20357","2019-03-29 14:45:14","71AC993751577D8D2CDE5763BE660CED6D10E02A49AD825517B17213096E1969"
"Data2\map\gem\gem04c\gem04c.mdtZ","1098","2019-03-29 14:45:14","B73F4D2A9D0A8274A35311494A62AD56B9347813C3EA50EF47DA14E726D9FEEF"
"Data2\map\gem\gem04c\gem04c.mmbZ","36699","2019-03-29 14:45:14","0C053CF60A03577BC3544125014A4D3C9649183882DDFEDD782BAB07232A92BA"
"Data2\map\gem\gem04d\gem04d.mbd","727720","2025-11-15 00:28:02","A6F6A2DFA284DDD7276CB42694CC231E2F7ABFB7CD6A468825651A1F7CC6A3E9"
"Data2\map\gem\gem04d\gem04d.mbdZ","147699","2019-03-29 14:45:14","11CD36DCFA2AD66FAFB1A214F2D2A4AADC1F806BA4DEF2B705064296E36B6100"
"Data2\map\gem\gem04d\gem04d.mdlZ","20357","2019-03-29 14:45:14","3AD38C13041F75D0E0492132718F56547D2130310634560FC4ADD0A9D2D74825"
"Data2\map\gem\gem04d\gem04d.mdtZ","1098","2019-03-29 14:45:14","B73F4D2A9D0A8274A35311494A62AD56B9347813C3EA50EF47DA14E726D9FEEF"
"Data2\map\gem\gem04d\gem04d.mmbZ","36699","2019-03-29 14:45:14","0C053CF60A03577BC3544125014A4D3C9649183882DDFEDD782BAB07232A92BA"
"Data2\map\gem\gem05\gem05.mbd","727720","2026-08-01 17:20:33","5828985EA2F1F3A179C9C4080C80C7D553F7DEAF75D6A9560AAD37E9DF24565B"
"Data2\map\gem\gem05\gem05.mbdZ","124951","2019-03-29 14:45:14","75F02B41ED8A55DD7FD4D115B00BBAAC5C6D8B7D7AA7BFBAE275455C5A0F2DF7"
"Data2\map\gem\gem05\gem05.mdlZ","8024","2019-03-29 14:45:14","7EE36A0B91E92B52761360AFA6B7FBD4550646B652BF03C118B9B936C45D5370"
"Data2\map\gem\gem05\gem05.mdtZ","296","2019-03-29 14:45:14","2101FDC2DADF1E715C522D9ACF3228A6E80839303257D31B2EC39E2FF15986AF"
"Data2\map\gem\gem05\gem05.mmbZ","36718","2019-03-29 14:45:14","C0B7B962B239FC862B600CAB351EFC006FAE1C08E1F1BCCD1A44D0F778B1661E"
"Data2\map\gem\gem05a\gem05a.mbdZ","125084","2019-03-29 14:45:14","76618FD40124A42A28868D8F4F4C6C859393B147085899F9FDE15AC539654852"
"Data2\map\gem\gem05a\gem05a.mdlZ","8046","2019-03-29 14:45:14","F8863A7E4E7EB42883AD17B75F101A8902C86E1BAC7E61EE54C93636B632B4DD"
"Data2\map\gem\gem05a\gem05a.mdtZ","296","2019-03-29 14:45:14","2101FDC2DADF1E715C522D9ACF3228A6E80839303257D31B2EC39E2FF15986AF"
"Data2\map\gem\gem05a\gem05a.mmbZ","36718","2019-03-29 14:45:14","C0B7B962B239FC862B600CAB351EFC006FAE1C08E1F1BCCD1A44D0F778B1661E"
"Data2\map\gem\gem05b\gem05b.mbdZ","125084","2019-03-29 14:45:14","76618FD40124A42A28868D8F4F4C6C859393B147085899F9FDE15AC539654852"
"Data2\map\gem\gem05b\gem05b.mdlZ","8046","2019-03-29 14:45:14","60474E561CEA863E353FAAA6B540ECDC94897D62D3B7268C6163F7E0ADF37D3C"
"Data2\map\gem\gem05b\gem05b.mdtZ","296","2019-03-29 14:45:14","2101FDC2DADF1E715C522D9ACF3228A6E80839303257D31B2EC39E2FF15986AF"
"Data2\map\gem\gem05b\gem05b.mmbZ","36718","2019-03-29 14:45:14","C0B7B962B239FC862B600CAB351EFC006FAE1C08E1F1BCCD1A44D0F778B1661E"
"Data2\map\gem\gem05c\gem05c.mbdZ","125084","2019-03-29 14:45:14","76618FD40124A42A28868D8F4F4C6C859393B147085899F9FDE15AC539654852"
"Data2\map\gem\gem05c\gem05c.mdlZ","8046","2019-03-29 14:45:14","A9689F5BBAC3C77EBAEBBC0246BCF4BA1FA843394C28648B3B1FF82F912F5B0A"
"Data2\map\gem\gem05c\gem05c.mdtZ","296","2019-03-29 14:45:14","2101FDC2DADF1E715C522D9ACF3228A6E80839303257D31B2EC39E2FF15986AF"
"Data2\map\gem\gem05c\gem05c.mmbZ","36718","2019-03-29 14:45:14","C0B7B962B239FC862B600CAB351EFC006FAE1C08E1F1BCCD1A44D0F778B1661E"
"Data2\map\gem\gem05d\gem05d.mbd","727720","2026-08-02 00:36:47","01D51465782E612C784A9149DD7C0DAD7681513DF35290AA4109A3F58D2ABEF5"
"Data2\map\gem\gem05d\gem05d.mbdZ","125084","2019-03-29 14:45:14","76618FD40124A42A28868D8F4F4C6C859393B147085899F9FDE15AC539654852"
"Data2\map\gem\gem05d\gem05d.mdlZ","8046","2019-03-29 14:45:14","B0A2CA2277706F34149915765F50BE48118F80B8FB3006FC34B4C632AF753452"
"Data2\map\gem\gem05d\gem05d.mdtZ","296","2019-03-29 14:45:14","2101FDC2DADF1E715C522D9ACF3228A6E80839303257D31B2EC39E2FF15986AF"
"Data2\map\gem\gem05d\gem05d.mmbZ","36718","2019-03-29 14:45:14","C0B7B962B239FC862B600CAB351EFC006FAE1C08E1F1BCCD1A44D0F778B1661E"
"Data2\map\gem\gem06\gem06.mbd","1151588","2020-12-26 15:20:52","AEE3994B7F1B9ECBC363594E02C36DE692113AC78C8D43ED5004568E29CFDE04"
"Data2\map\gem\gem06\gem06.mbdZ","261306","2019-03-29 14:45:14","284FD9D67EF492DD3A360F81CD0F33091DEC319B8071FB5B188396883236226E"
"Data2\map\gem\gem06\gem06.mdlZ","21934","2019-03-29 14:45:14","D734E32C027F851C8C9800033752C89141342A1D00803707C185CF0ABB1E1B83"
"Data2\map\gem\gem06\gem06.mdtZ","749","2019-03-29 14:45:14","64A4FB308DB44C06B17E07EE6B369D5BAA63916752A7B4E91E29E63A621C9B44"
"Data2\map\gem\gem06\gem06.mmbZ","56832","2019-03-29 14:45:14","1EE2522A9939BC070C0D5F1A0C1463470C89A1947A141F879A53E35DAC7289E3"
"Data2\map\gem\gem07\gem07.mbd","1027960","2025-10-19 16:48:32","E18DBC38E682465142D467796A0DB94A1614169472220BF487B38F1F80CC4BE9"
"Data2\map\gem\gem07\gem07.mbdZ","146075","2019-03-29 14:45:14","B9284EEFE938683CF19B53E535DE1E5D647E90B9B57B5A794FECAE3554892040"
"Data2\map\gem\gem07\gem07.mdlZ","10084","2019-03-29 14:45:14","54299C3A7522B5BD9FC040D811BFE35853947BBC2662B456C82F2B0C72654930"
"Data2\map\gem\gem07\gem07.mdtZ","233","2019-03-29 14:45:14","99115D68CDC28D50DBAC8ECF41DFA6B0DB046D49136D155DA655B81384C950A8"
"Data2\map\gem\gem07\gem07.mmbZ","50786","2019-03-29 14:45:14","18DEBEAC1904E7F03B6D37E2ADFE839F4CBD72C0A0254F72D5050248EEB670C7"
"Data2\map\gem\gem08\gem08.mbdZ","118952","2019-03-29 14:45:14","9B8948A4311050CAF075BAC629514F09577687BE83AD959E66096F52BC9EC098"
"Data2\map\gem\gem08\gem08.mdlZ","10487","2019-03-29 14:45:14","7BF03BEDD3D2F5F0704D4CBF798054C6A7E7BBF4F47B3242713C9CF518E82425"
"Data2\map\gem\gem08\gem08.mdtZ","263","2019-03-29 14:45:14","D8BDB643F8D13DD9EEC8BCD2EA90FA5B0AC9C7D0B671A057C6F544A7B905492C"
"Data2\map\gem\gem08\gem08.mmbZ","36692","2019-03-29 14:45:14","68B2A89B69270ADF1A19FE2A4A39DFE9F2A4EF70BA37CDCB793C9987498D60D5"
"Data2\map\gem\gem09\gem09.mbdZ","159385","2019-03-29 14:45:14","B72BEBA2FDBCA2302D543D017BD687D0BC7A8AABEA02414CBF3C55977C232167"
"Data2\map\gem\gem09\gem09.mdlZ","16607","2019-03-29 14:45:14","FCEF36DF3064342877FBCAF030E67DE4FB525D7EA8EF06C1FF28EBB78AA8555F"
"Data2\map\gem\gem09\gem09.mdtZ","388","2019-03-29 14:45:14","A8C56D11EB0FE18491DC0A542C43333A97F27FC158D095EF5F99D7FD2C952C05"
"Data2\map\gem\gem09\gem09.mmbZ","50765","2019-03-29 14:45:14","FD88AC25599C673A1B81CEC6EFBC32EC692D1CB80CB05D095E9CB3327B401BAD"
"Data2\map\gem\gem10\gem10.mbd","1027960","2026-01-26 18:16:34","78397F04F5D6A2804D49F95BAD421347BB44D2FF0CC8C8F911CC0187B4CBE735"
"Data2\map\gem\gem10\gem10.mbdZ","154993","2019-03-29 14:45:14","1D61EDB0113518924D2F63A4E104133FBE2BFE82353ACCD5C59F6702D78339BD"
"Data2\map\gem\gem10\gem10.mdlZ","8275","2019-03-29 14:45:14","BDB678E76B299EA9C7876548458E9A52979F575AA9507E4CEB2B06C08BBF3463"
"Data2\map\gem\gem10\gem10.mdtZ","484","2019-03-29 14:45:14","8E8A631559B4057B2F7067E595182B32837F63B7772C63F254DCAAB9E9295811"
"Data2\map\gem\gem10\gem10.mmbZ","17161","2019-03-29 14:45:14","6CF88411A63E1EA4EA2DEF443D24B6B238345C679BAA4106FC0B20BC22BBB87A"
"Data2\map\gem\gem11\gem11.mbd","727720","2025-10-18 21:01:06","A94273D8B69CB1C1BB6F1BEF0B0F1C9C160BE83FF0A751C6A4F6F5D488BF56CC"
"Data2\map\gem\gem11\gem11.mbdZ","118952","2019-03-29 14:45:14","9B8948A4311050CAF075BAC629514F09577687BE83AD959E66096F52BC9EC098"
"Data2\map\gem\gem11\gem11.mdlZ","10488","2019-03-29 14:45:14","EF9776BD510FDC91E7BC178CD594787C749C5A09BE65AFDC9BC6096890687568"
"Data2\map\gem\gem11\gem11.mdtZ","260","2019-03-29 14:45:14","4F15EB764EA7D396038DBEB3418CE8A958C942E7DD381FB8B6EB1F2CDB99CA43"
"Data2\map\gem\gem11\gem11.mmbZ","36692","2019-03-29 14:45:14","68B2A89B69270ADF1A19FE2A4A39DFE9F2A4EF70BA37CDCB793C9987498D60D5"
"Data2\map\gem\gem12\gem12.mbd","1027960","2025-10-18 21:16:05","8DC8AB267350BB75259D5A3C183113F9F2B2EDC84F5789820913BF98260CFD34"
"Data2\map\gem\gem12\gem12.mbdZ","159387","2019-03-29 14:45:14","1A06E5EE189E8512A8EC7EFC0995EC6499542B6DF940E5C99872D45A0017A0F8"
"Data2\map\gem\gem12\gem12.mdlZ","16596","2019-03-29 14:45:14","BC77550C041F696383E05A9ACA1D93BEF8935A233946D97E8CAF8E12D7D32A66"
"Data2\map\gem\gem12\gem12.mdtZ","389","2019-03-29 14:45:14","C5B800F3E835650DB63CC1C720664D6BBB874BA7550B9A59ADD7687A4F5BA13C"
"Data2\map\gem\gem12\gem12.mmbZ","50765","2019-03-29 14:45:14","FD88AC25599C673A1B81CEC6EFBC32EC692D1CB80CB05D095E9CB3327B401BAD"
"Data2\map\gem\gem13\gem13.mbd","1027960","2025-10-22 00:17:55","78397F04F5D6A2804D49F95BAD421347BB44D2FF0CC8C8F911CC0187B4CBE735"
"Data2\map\gem\gem13\gem13.mbdZ","154993","2019-03-29 14:45:14","1D61EDB0113518924D2F63A4E104133FBE2BFE82353ACCD5C59F6702D78339BD"
"Data2\map\gem\gem13\gem13.mdlZ","8275","2019-03-29 14:45:14","35AAEC2DA4DF3C5BCB64506CA4B0FA03B6407127BA4C908AE0891D563BE7DE12"
"Data2\map\gem\gem13\gem13.mdtZ","483","2019-03-29 14:45:14","2C81477A3A661696E417101186E9812E4E3DC00E24F0AD42BD78694ACB2297EE"
"Data2\map\gem\gem13\gem13.mmbZ","17161","2019-03-29 14:45:14","6CF88411A63E1EA4EA2DEF443D24B6B238345C679BAA4106FC0B20BC22BBB87A"
"Data2\map\gem\gem14\gem14.mbd","727720","2026-03-13 23:15:10","A6F6A2DFA284DDD7276CB42694CC231E2F7ABFB7CD6A468825651A1F7CC6A3E9"
"Data2\map\gem\gem14\gem14.mbdZ","147699","2019-03-29 14:45:14","11CD36DCFA2AD66FAFB1A214F2D2A4AADC1F806BA4DEF2B705064296E36B6100"
"Data2\map\gem\gem14\gem14.mdlZ","20357","2019-03-29 14:45:14","D539244650917476D720586F1AEE1BC07FB0BAF2295C1D1985A8B6003EB936D1"
"Data2\map\gem\gem14\gem14.mdtZ","1096","2019-03-29 14:45:14","176F117C8304760BD70D1C9EB6315C4E8F3E9876838BC6BCCE334A385803CA9E"
"Data2\map\gem\gem14\gem14.mmbZ","36699","2019-03-29 14:45:14","0C053CF60A03577BC3544125014A4D3C9649183882DDFEDD782BAB07232A92BA"
"Data2\map\gem\gem15\gem15.mbd","727720","2025-11-12 01:46:47","01D51465782E612C784A9149DD7C0DAD7681513DF35290AA4109A3F58D2ABEF5"
"Data2\map\gem\gem15\gem15.mbdZ","125084","2019-03-29 14:45:14","76618FD40124A42A28868D8F4F4C6C859393B147085899F9FDE15AC539654852"
"Data2\map\gem\gem15\gem15.mdlZ","8045","2019-03-29 14:45:14","9B1310C810644719585C7B9A5F0FB1C73B2F2774CE9E9CDA5608C81A4DEDE3B6"
"Data2\map\gem\gem15\gem15.mdtZ","294","2019-03-29 14:45:14","27C197DDC5E545892FB48DB3A9723E0F5A7E6828E58DAF9DEA9C70EF78A2FA42"
"Data2\map\gem\gem15\gem15.mmbZ","36718","2019-03-29 14:45:14","C0B7B962B239FC862B600CAB351EFC006FAE1C08E1F1BCCD1A44D0F778B1661E"
"Data2\map\gem\gem16\gem16.mbdZ","261306","2019-03-29 14:45:14","284FD9D67EF492DD3A360F81CD0F33091DEC319B8071FB5B188396883236226E"
"Data2\map\gem\gem16\gem16.mdlZ","21933","2019-03-29 14:45:14","961CA7BFF9D801E70A414286242A1C342F575563DFF679689038371195E958BB"
"Data2\map\gem\gem16\gem16.mdtZ","748","2019-03-29 14:45:14","547CB58B4441521212D6D9CEAAC4A5D49DEB588B84AF2F3486345E051713FF06"
"Data2\map\gem\gem16\gem16.mmbZ","56832","2019-03-29 14:45:14","1EE2522A9939BC070C0D5F1A0C1463470C89A1947A141F879A53E35DAC7289E3"
"Data2\map\gem\gem17\gem17.mbd","1027960","2025-11-05 18:52:51","E18DBC38E682465142D467796A0DB94A1614169472220BF487B38F1F80CC4BE9"
"Data2\map\gem\gem17\gem17.mbdZ","146075","2019-03-29 14:45:14","B9284EEFE938683CF19B53E535DE1E5D647E90B9B57B5A794FECAE3554892040"
"Data2\map\gem\gem17\gem17.mdlZ","10082","2019-03-29 14:45:14","C3FF644CF7956BFA6281225805971061913A61ACA94821668B01BB0134CE519A"
"Data2\map\gem\gem17\gem17.mdtZ","235","2019-03-29 14:45:14","324186AC8C57A88A6D442F4E40518480345F13E97A6CC7ED9F0E862E437E2DAE"
"Data2\map\gem\gem17\gem17.mmbZ","50786","2019-03-29 14:45:14","18DEBEAC1904E7F03B6D37E2ADFE839F4CBD72C0A0254F72D5050248EEB670C7"
"Data2\map\gem\TONG.romZ","457186","2019-03-29 14:45:58","F5895AA2435F423101969F0DFC237CB0C7E60B66540731947CA3979EA4A1D484"
"Data2\map\island01\bamboo.ROMZ","103862","2019-03-29 14:45:16","7DA9A5E9DDB7CDC77D747938F689B5777A92F86B3F920F20A7A2D3211A4382AB"
"Data2\map\island01\cave02\C2Fix01.ROMZ","3421","2019-03-29 14:45:16","F8C320B7740D187E98162DF850859C9EAB886843A40C622F863CB50FDE78EE85"
"Data2\map\island01\cave02\cave02.mbd","130744","2020-06-10 17:19:58","3C4549F764D8899BBB398837163EF18BBF274577A35476253C03E196A99A5606"
"Data2\map\island01\cave02\Cave02.mbdZ","18761","2019-03-29 14:45:14","E384077F8AFA93340539A99D2C30D4AE5186B8C61B31E5B89131E7380F887DEB"
"Data2\map\island01\cave02\Cave02.mdlZ","2960","2019-03-29 14:45:14","D378F6F62F32F0E879DE4DCEAAFAC2A592C5BB9FF870B6F5622F710CE31C0E03"
"Data2\map\island01\cave02\Cave02.mdtZ","307","2019-03-29 14:45:14","D5162945A6B165FAA2F7339BE45AA60791C037BFB54FA3D4F81BE57883A54D6A"
"Data2\map\island01\cave02\Cave02.mmbZ","2868","2019-03-29 14:45:14","E21BBB16AEA4ADC7B0C8A162E4EC8C87E70294003A3FA5E537927DB1E51BD70A"
"Data2\map\island01\cave03\cave03.mbd","180200","2020-06-10 17:18:18","68B40C399983438ED760B525BA9852C01FA33D6D6666F07FB8E976C8E7347603"
"Data2\map\island01\cave03\Cave03.mbdZ","26240","2019-03-29 14:45:14","EB171CB093A8C3FA6971234F0DAD99177914C0D6EDEBEBAB5373EA7D5B6E17A4"
"Data2\map\island01\cave03\Cave03.mdlZ","4244","2019-03-29 14:45:14","1D2B9766F973E786697E438D2C34A4F5535AC0E322B43E652F46D8E75EBA2099"
"Data2\map\island01\cave03\Cave03.mdtZ","488","2019-03-29 14:45:14","1E0034740FCC2585CB25DAE690B0EF4B6C0309B7EF2AFB56CE4B70F12F888876"
"Data2\map\island01\cave03\Cave03.mmbZ","3704","2019-03-29 14:45:14","F1BF7D8B7DF07D477727667F155532754DB8510E7ABA1F39DB7A46DF81F70B9A"
"Data2\map\island01\cave03\MazeT1.romZ","599614","2019-03-29 14:45:40","896785BD58012CA8754CBD7E5F06F5362AD4813FEB831E98B7B3BDEB61BB0A5A"
"Data2\map\island01\cave03\MazeT2.romZ","82427","2019-03-29 14:45:40","5AEC06284E4D7AD2932BA2373DCA74E69AB29B4ADAFC359FEF8267DE7BE80BA1"
"Data2\map\island01\cave04\cave04.mbd","95416","2025-10-16 00:44:45","B2AFE3565F0F1280A9E668865E7715EA5CE82FE9D7CC643FF04388A7EFC94FEA"
"Data2\map\island01\cave04\Cave04.mbdZ","12328","2019-03-29 14:45:14","ECE8479E57A91CB892B55EEDF4F7D693BDA636CA85B05634130512F40BF3CD02"
"Data2\map\island01\cave04\Cave04.mdlZ","1708","2019-03-29 14:45:14","6419681E54CC9322BE41AB1F847E10A9E2DD1FD498DD8EA27122335AF0EEC6B5"
"Data2\map\island01\cave04\Cave04.mdtZ","244","2019-03-29 14:45:14","F225216106F528E70C57BCB8EA0330124EE8B7C539DE6F78290A748A42EF4268"
"Data2\map\island01\cave04\Cave04.mmbZ","2158","2019-03-29 14:45:14","133F5644B4FDECF29111F35CF5D048065D36C34342E344DD121BF3AE450E9529"
"Data2\map\island01\cityi1\cityi1.mbd","233188","2019-05-31 14:35:52","CF4A4F14F9E5377FA47B4F115D44B1FC90C5C9DFF0E3E0F358D781AB8C1030AE"
"Data2\map\island01\cityi1\cityI1.mbdZ","42517","2019-03-29 14:45:14","C929AC19C09F7EE9F2BC4C01FD472F250CB61DFA519F2ABD28B6A64101AF0CB0"
"Data2\map\island01\cityi1\cityI1.mdlZ","10693","2019-03-29 14:45:14","BB2B72C2CB368AD9E91046783E1C9638EF02318F589CF462F0C45BBFDCE04618"
"Data2\map\island01\cityi1\cityI1.mdtZ","363","2019-03-29 14:45:14","38D6F7DE6538DD237E6F2978B9A9EA39A10DC635F181BE1E61E5855589C7FF5F"
"Data2\map\island01\cityi1\cityI1.mmbZ","12772","2019-03-29 14:45:14","0BB8E3B74AC83A8F5F64E386EF6718405BEF8313CEA69E201979C3DFA6D06926"
"Data2\map\island01\cityi1\dwG.romZ","1915453","2019-03-29 14:45:18","A0A70EF20C087BE55127214451921A94712EEE6D051E600339F2BA5F01708906"
"Data2\map\island01\cityi1\eastcity.ROMZ","1443847","2019-03-29 14:45:18","BFE3FC103732E0E199A59C69D60B636C9513152372EA50C9ACE766F4B0196F5A"
"Data2\map\island01\cityi1\eastcity1.ROMZ","333107","2019-03-29 14:45:18","C767573CFCA25F034EB404567753B84963C058A4BD4DC102618397BDB269CF83"
"Data2\map\island01\cityi1\FN.ROMZ","217869","2019-03-29 14:45:32","A376E4CCE28067CCDF2A4F6F8B2FF5032E8F2B83203298E7B83CF4496DD9402C"
"Data2\map\island01\cityi1\NewA.ROMZ","287295","2019-03-29 14:45:40","0AFE7396C7CE64C4F1F9036E485355E0A049F2BB942A8BDA88778B6DA94BB97B"
"Data2\map\island01\cityi1\npcad.ROMZ","29171","2019-03-29 14:45:42","5CD0A3D02F870E5B9B073F6BEBF109632650E587CB8F1290A6DB464E894687E5"
"Data2\map\island01\cityi1\tem.ROMZ","359459","2019-03-29 14:45:58","D49D1B2DCF872FB6636DC6048D4BA93E2930FCB0CF5BE4349ED8C645B3D070D3"
"Data2\map\island01\cityi1\tree05.ROMZ","51254","2019-03-29 14:46:00","811298C5B8D711F6865BC2E2A2C38FCE4E4319307A86107F1281115A7EA9B2A0"
"Data2\map\island01\cityi1\woo.ROMZ","37442","2019-03-29 14:46:00","C16C4999CC9CFE9D2DDC3AD2D715C834E5D072E1AE03A34EC03636D7885ACEE0"
"Data2\map\island01\E_G.ROMZ","67068","2019-03-29 14:45:18","97BF5D86FE12C135E8005380FA18D910781143773B8AA93281971F8F56BC3490"
"Data2\map\island01\east001.ROMZ","7770","2019-03-29 14:45:18","03866A907F54C0AF87F4E6197A9A35A3050A25770B287F32DE9983DEB609F53B"
"Data2\map\island01\east003.ROMZ","4514","2019-03-29 14:45:18","5CFD9391287A2B472243A6D54BA03AB8B223BF6B010AFC4724DF7DAB892423CA"
"Data2\map\island01\flowernew01.ROMZ","90138","2019-03-29 14:45:32","9AF78A4AC8241DB5DEBE147EA9F5AFF4D4C16C1022F2070C1265210C6D80FCB9"
"Data2\map\island01\flowernew04.ROMZ","104976","2019-03-29 14:45:32","68E6799DFB53407CCA69C30A1E33EA81D5368A57A358015E25C6FF3DDE3B1110"
"Data2\map\island01\G_Bri.ROMZ","651774","2019-03-29 14:45:32","86AA8A89D0602EEEAD327FD86D754CF7C503D7AF8C58D63941AA53FE194669A2"
"Data2\map\island01\G_Mou.ROMZ","2551836","2019-03-29 14:45:32","110D0909CAF9D4522885BD85AFC9B3244A049870C71C5516FC61F9E3643EB0C2"
"Data2\map\island01\G_SKY.ROMZ","877141","2019-03-29 14:45:32","3B6B97C86BD44E6A6EF2A455AA5A4A633BDB57AAD77B000B642B4034B6F7A76F"
"Data2\map\island01\GodHouse.ROMZ","316172","2019-03-29 14:45:36","40431569FB8A1D1914AB41B2BCF19C77B138992B6DF31B5ACBA691DC3640B912"
"Data2\map\island01\indoor\ARMOR.hmdZ","264","2019-03-29 14:45:12","0B4506F51DE5A3DD491BCEB0128B90CA2456D30DCF7405B399FAAACD3261F18F"
"Data2\map\island01\indoor\ARMOR.ROMZ","144001","2019-03-29 14:45:16","075850357FAFD85C7E973C81FFCEC8B6BCF5FF5FBDCA1F88D1557CAAC023C62C"
"Data2\map\island01\indoor\Book.hmdZ","327","2019-03-29 14:45:12","69B3F0D18B76DFED94C7B21B1BC40D2F43C345AFEC405AA45FFB20AA0F3EBDC7"
"Data2\map\island01\indoor\Book.ROMZ","287122","2019-03-29 14:45:16","FC4EC591FB9BA59789E218A5AC02A19A1924838B6A62565E7CDFD4C19DC284E1"
"Data2\map\island01\indoor\cas.hmdZ","1243","2019-03-29 14:45:12","C060D5397A4A6B8F689AD9CB4BBB75CEF9A2D2973C8095966D49D26A5D73B646"
"Data2\map\island01\indoor\cas.ROMZ","574628","2019-03-29 14:45:16","B271E2242D7F38A80D9E06974D6388D6F7647451250524D06E1967FD26A48837"
"Data2\map\island01\indoor\Conver.hmdZ","319","2019-03-29 14:45:12","8B08726C21A36FE598DE3D13DAE117E400B23B713A23ECDED9B57144DF6AA8E2"
"Data2\map\island01\indoor\Conver.ROMZ","162432","2019-03-29 14:45:16","EB6B38996C471BFC116BB996B455C5A6B8DC16A41C240CB7CA987EDE050C3CD7"
"Data2\map\island01\indoor\fac.romZ","344001","2019-03-29 14:45:32","CF5581AFB1B3E653CB1C0A18308D5FA310D30F47B6E6622A5497C7DF625C3483"
"Data2\map\island01\indoor\faction01.hmdZ","536","2019-03-29 14:45:12","71234E83982BEEEBB638C3A2ECE7473020AD9E24E610AA06D2D5C767CAC2F650"
"Data2\map\island01\indoor\groceryL.hmdZ","329","2019-03-29 14:45:12","42D769C0FF328DB3E1E295E17208D0DB7A0FF12608976F952DAE800FF79C3C00"
"Data2\map\island01\indoor\groL.romZ","222205","2019-03-29 14:45:36","20E5A8BE548993E9D17CCA9B2D9292B150F73B7907ED720256132EF4659BCE6C"
"Data2\map\island01\indoor\haL.romZ","227496","2019-03-29 14:45:36","86B5F3C8AA38CED1A3CEC4C039FD818C9EBF57B3D8D8ADD63802859697B24ED8"
"Data2\map\island01\indoor\HardwareL.hmdZ","349","2019-03-29 14:45:12","0AE0DFFE9CDE4983898A5A5F570156F98B587AFA6598A25A5F7BADB7063B8216"
"Data2\map\island01\indoor\HardwareR.hmdZ","322","2019-03-29 14:45:12","AEF732AEAD8D233D58DBB1BE8902440479CB7FA795DE1F936D113D7BF9F72218"
"Data2\map\island01\indoor\HardwareR.ROMZ","209539","2019-03-29 14:45:36","F2080D79AC9A31C943E0BC67E91FD7782A8579F2C74DECF738AFBF31B01D6229"
"Data2\map\island01\indoor\ho2.romZ","388899","2019-03-29 14:45:36","8718F8FB802D65F65DEA0A7482CE2C1B430659420AAAA0D98EAFC71959144EA8"
"Data2\map\island01\indoor\hotel01.hmdZ","636","2019-03-29 14:45:12","07AA9BF3DF4EF93508A175B92F98F8C4CBF4ED6896B8FAA6F488FC8E7CA6C184"
"Data2\map\island01\indoor\Hotel01.ROMZ","338531","2019-03-29 14:45:36","D678A2FB80D49BCB395341C45DC11F4D26586242E3B50029EB69FC0C7C3397CF"
"Data2\map\island01\indoor\hotel02.hmdZ","561","2019-03-29 14:45:12","F728B392B1361E95FBDCF801F599B54F3EC4FD9F2AA17A234022978822C4683C"
"Data2\map\island01\indoor\LHL01.hmdZ","689","2019-03-29 14:45:12","06AD2C96E252ED7F2FDCF5C60142675C172751919A26F73CEB4F7910C9CF9F60"
"Data2\map\island01\indoor\LHL01.ROMZ","271114","2019-03-29 14:45:38","D2DA11AC212E2E0897FFAD9410C1084376D39368771AA0FEE5C0BCC4C45BA59E"
"Data2\map\island01\indoor\LHR01.hmdZ","671","2019-03-29 14:45:12","C3CE3DCD4603DB908F42E566ABE971B7ACCDB8C9A3EFB1ECFBFBAC1FDB26591F"
"Data2\map\island01\indoor\LHR01.ROMZ","267106","2019-03-29 14:45:38","08E2801734A7D3256CAE4C65BBC0303FDB0E7852578C460A7D2CCBE4FB49FB16"
"Data2\map\island01\indoor\MHL01.hmdZ","375","2019-03-29 14:45:12","206955DD42CE391DDF244E803ABBF3041A368F53B7529F21CA9EC1DADE46C935"
"Data2\map\island01\indoor\MHL01.ROMZ","228550","2019-03-29 14:45:40","D78C6363140626C45B3A30CB365CA26EBCE2AB515FC09DCCE3F9849B273C953E"
"Data2\map\island01\indoor\MHL02.hmdZ","755","2019-03-29 14:45:12","9996E7DE17C17A56850AEBA4A009EDADA7343AB776E16EFEDD70F79AA4AB9C3C"
"Data2\map\island01\indoor\MHL02.ROMZ","313121","2019-03-29 14:45:40","C6E3DBB9858D120EC707DEB54DE34D6759EC6EE69651DABFAD64C3EC965E4293"
"Data2\map\island01\indoor\MHR01.hmdZ","689","2019-03-29 14:45:12","D4C6B2497EEC291CAF86E0421FC6B4C804F301DA3567312548C82F8DEEC45122"
"Data2\map\island01\indoor\MHR01.ROMZ","308019","2019-03-29 14:45:40","D9EA77DEDFA19D66BE0F288CC69CEF6FFC699D07D6BBAB5B7DE6E6A7A5573A4A"
"Data2\map\island01\indoor\MHR02.hmdZ","526","2019-03-29 14:45:12","352C440AA737C2FBD4B9CADFB7471717FB946724E6B25F8A62E6BF59BBD86513"
"Data2\map\island01\indoor\MHR02.ROMZ","273750","2019-03-29 14:45:40","C1E5508BB98C66056E16CA417CE1AB8B25234021631AC4F20BA8CA53920EBA90"
"Data2\map\island01\indoor\PharR.hmdZ","294","2019-03-29 14:45:12","6A3109142139AE0FB62B354CACE3E163BADC84579FF881EF799BBF6DE0E9375D"
"Data2\map\island01\indoor\PharR.ROMZ","210468","2019-03-29 14:45:44","B566A8E1E3E0BF59BE494CF2DD8F55B7E7D7AF0B1544112816E76EBFAA475E69"
"Data2\map\island01\indoor\pu1.romZ","831370","2019-03-29 14:45:44","8422080FF975E5E2659F732BAE63E95468CB7A9E0D267F59B92E17171E730E19"
"Data2\map\island01\indoor\publicl01.hmdZ","1091","2019-03-29 14:45:12","E46BF0E1B66AAFA1D31C09F0567B42BC854DF59EE5EF2D10EB9B698B933CD581"
"Data2\map\island01\indoor\SeFu.hmdZ","589","2019-03-29 14:45:12","078D9A74FD8A80EF4E2266E608E4FE9814B279AB7C7C8B8542CCA8F8EB3ECE41"
"Data2\map\island01\indoor\SeFu.ROMZ","263565","2019-03-29 14:45:54","815260AEF70FB9D49D12A52873FCFFFDAD837463C623E535FDE63D7633CB9324"
"Data2\map\island01\indoor\SHL01.hmdZ","398","2019-03-29 14:45:12","AF2D907E81057F70920B3786E77FF68042B3A59ABBA48D28CEBC7B80ABBAE403"
"Data2\map\island01\indoor\SHL01.ROMZ","109202","2019-03-29 14:45:54","E45BD0C765171A626489C63038BA035BAB25D819476678C95D44EFF6600866FA"
"Data2\map\island01\indoor\SHL02.hmdZ","492","2019-03-29 14:45:12","910051CFED6B62ADD3B8C5CDB2DEF6ACE6428A993DF0AE1040483E888273C6DD"
"Data2\map\island01\indoor\SHL02.ROMZ","114276","2019-03-29 14:45:54","E06A58EBD0057DE0645624CF921FD15E9183CF157035B02268BD8506BD78FF8A"
"Data2\map\island01\indoor\SHR01.hmdZ","367","2019-03-29 14:45:12","42966DCF5233AD76F3DBC4BA7678C705847C0247BA2D8E126F1FF3833521B93E"
"Data2\map\island01\indoor\SHR01.ROMZ","120367","2019-03-29 14:45:54","FE2F39A222771C13DAB41A3BC38613837286639B2127FBE3D3D8C3B668173A8E"
"Data2\map\island01\indoor\SHR02.hmdZ","419","2019-03-29 14:45:12","F2510CB3F49345DD0CB2D388AC4F630EAD368E6CEF1D21EC6AF5504928C232E1"
"Data2\map\island01\indoor\SHR02.ROMZ","112906","2019-03-29 14:45:54","2F3A6AF97B5D8672E18A686F31DED4384BE743C2A0529EB236DADA2A8546B208"
"Data2\map\island01\indoor\STUFF.hmdZ","273","2019-03-29 14:45:12","6D4A96A59A39386F7767BDF7B5581F1E1337CFD52B977BE1C0F80DF6A638772B"
"Data2\map\island01\indoor\STUFF.ROMZ","121164","2019-03-29 14:45:58","D076AF81F9B6F931579E1232A4DDD624217C6CA23D1EC14C20A5534836855A45"
"Data2\map\island01\indoor\tem.hmdZ","1052","2019-03-29 14:45:12","DC1BE01814FF6BC941C5602978C6E52AF921B162CA3D6E97AF353AE835FC6240"
"Data2\map\island01\indoor\tem.ROMZ","264865","2019-03-29 14:45:58","D3D9C3C47BF355E38AC6D9ABFAABF54C6CB0BE61AF9DCE9BE3762865B9B287B9"
"Data2\map\island01\indoor\TP_Nor_L.hmdZ","457","2019-03-29 14:45:12","B5201259F272C6039069D0DBC7F4BC404AE61D59899C508B6E81E913BA24EFAA"
"Data2\map\island01\indoor\TP_Nor_L.ROMZ","153443","2019-03-29 14:46:00","AA992EC90223A6F487B8220EB4DFFBE3CE8D5B2B6B7683D457A65FFA5C4D0220"
"Data2\map\island01\indoor\TP_Nor_R.hmdZ","459","2019-03-29 14:45:12","CCE0A099D4264B73A7DB54DF6C5EE7D159B52C8F0DF4C4966D2F4C37A578EC82"
"Data2\map\island01\indoor\TP_Nor_R.ROMZ","154054","2019-03-29 14:46:00","F31621025287E352C38D197E10576BBBDFA68AA7C51C91E7F651122A2B54241E"
"Data2\map\island01\IS01_G.romZ","1269629","2019-03-29 14:45:36","EA9F906986486F0ACA3720B9FC746866DFF8C817AC4595FFB9B5341CA6C316C7"
"Data2\map\island01\IS01_W.romZ","121897","2019-03-29 14:45:36","C98FC0AB3EBD7A8938F944CE49F1197A8DBEB3DBDB2CA3BA9B9FEFDC505326C2"
"Data2\map\island01\Island01.can","2580","2019-03-29 14:45:12","F2B9CA9DC4DCEBCD1C1C40DE14EA63F1B2061993F644C49B9C7BACA9CE2D2F97"
"Data2\map\island01\island01.mbd","3035748","2019-05-31 14:36:42","B574654E5859E048EA0047C0DE36B70ADDC5E90F2349B9796016EA6792F75F80"
"Data2\map\island01\Island01.mbdZ","735668","2019-03-29 14:45:14","0EDF2048EAF0964CAA2C373D66B4C1E6129EBECA265C4A63326436C13E6E0A1F"
"Data2\map\island01\Island01.mdlZ","106825","2019-03-29 14:45:14","CBDC0C946618A1BF4A9B2F221283A17FA58B1F49941B2EA336046851A2519D8D"
"Data2\map\island01\Island01.mdtZ","675","2019-03-29 14:45:14","39666C84B99EF0F9C350494F758C83C94FBFBC1C6EBD2876E7A608B7292D5CA2"
"Data2\map\island01\Island01.mmbZ","71367","2019-03-29 14:45:14","6F082E4848ABA62B2C3991C937BB11BC1C0046EDD177DA47084EB9AFF07C4949"
"Data2\map\island01\L3_SI.ROMZ","375601","2019-03-29 14:45:38","7E4CA95907678203174F914C6B5972A99D8AD9A58D74FF40735A433F8A680B95"
"Data2\map\island01\maze05\bri1.ROMZ","195296","2019-03-29 14:45:16","DED186A3658F45C0960EE68F3942E61824E01E0DA0096610D69A58978F17513B"
"Data2\map\island01\maze05\BW.ROMZ","762057","2019-03-29 14:45:16","88A5EBFC50ECFE20E53DDDFAF37D71DB3F79F2DF44CD1E9BDEB8B6AA96D132EF"
"Data2\map\island01\maze05\dwG.romZ","1940025","2019-03-29 14:45:18","42AAF177B3547ADEC44C54F229D6FA3E2C92D66A53A04B7008644DB6B3D03630"
"Data2\map\island01\maze05\east001.ROMZ","7770","2019-03-29 14:45:18","03866A907F54C0AF87F4E6197A9A35A3050A25770B287F32DE9983DEB609F53B"
"Data2\map\island01\maze05\eastcity.ROMZ","1443847","2019-03-29 14:45:18","BFE3FC103732E0E199A59C69D60B636C9513152372EA50C9ACE766F4B0196F5A"
"Data2\map\island01\maze05\eastcity1.ROMZ","333107","2019-03-29 14:45:18","C767573CFCA25F034EB404567753B84963C058A4BD4DC102618397BDB269CF83"
"Data2\map\island01\maze05\fff.ROMZ","430866","2019-03-29 14:45:32","4FFD368E8420E5CAE54FAFFC518E6C1A8A0AAC5C6AD6BE9B6C8A005273C382FA"
"Data2\map\island01\maze05\flag.ROMZ","659923","2019-03-29 14:45:32","4C23B5F1BE560F185D080817F653096DD0BD95101881864F3733DD5748362F74"
"Data2\map\island01\maze05\IO_S.ROMZ","380","2019-03-29 14:45:36","58CF21296FB069A1EEDDA685506871C1A7C5528C5459AA8D11BBEDB32766C52A"
"Data2\map\island01\maze05\M5_Mou.ROMZ","1578028","2019-03-29 14:45:38","29C26E75350DFFFBC31AAC10275B33D299E959A90A00FFF0E778C3356B7F02F7"
"Data2\map\island01\maze05\maze05.mbd","5729712","2019-11-02 12:21:14","5FFE9B9E6CB050F96769136EE1AC8E6E96086B7089A75048CF0FE62667871358"
"Data2\map\island01\maze05\Maze05.mbdZ","902171","2019-03-29 14:45:14","BD5ABA1121D29361907EE0D56ACE99BA15FC482E26A97FBE8C7E9BD7B22790DC"
"Data2\map\island01\maze05\Maze05.mdlZ","84910","2019-03-29 14:45:14","5FC17738A95A30593C347ECC750876F2529DDBA641B0F79A5D78F471E040767C"
"Data2\map\island01\maze05\Maze05.mdtZ","626","2019-03-29 14:45:14","88C8A1674F5E5C75D982DF7BE962CE09557506B8B4BCF4E39E1658040DAF350A"
"Data2\map\island01\maze05\Maze05.mmbZ","97193","2019-03-29 14:45:14","30ADB3BC0EEEA7D32292D765F25ABB79D9ACF68C9DB7136E61B1603BDE6FC399"
"Data2\map\island01\maze05\tree05.ROMZ","51254","2019-03-29 14:46:00","811298C5B8D711F6865BC2E2A2C38FCE4E4319307A86107F1281115A7EA9B2A0"
"Data2\map\island01\maze05\wa01.ROMZ","84450","2019-03-29 14:46:00","B6EB0CF0A10F992668C32C3531ABC5ADEEF94B5DF94D90D8589D1A2D4259B34E"
"Data2\map\island01\maze05\walls.ROMZ","353847","2019-03-29 14:46:00","06A2ACC9FECA5A27CAD7567FCEFA2FC30F4DEA2E7D6D49CC59E12221E5BB1962"
"Data2\map\island01\maze05\woo.ROMZ","37442","2019-03-29 14:46:00","C16C4999CC9CFE9D2DDC3AD2D715C834E5D072E1AE03A34EC03636D7885ACEE0"
"Data2\map\island01\pav.ROMZ","45735","2019-03-29 14:45:44","E2699C455154D50E0936593C3CD81CB87B60D7B6984031ED1B427497D9119F8A"
"Data2\map\island01\rai.ROMZ","157727","2019-03-29 14:45:52","C73ABF38C25E1F19AB8167FD75CDAFF936285ED6587171B03CC95B044A12CF13"
"Data2\map\island01\Stone.ROMZ","364024","2019-03-29 14:45:58","507610CD9EDCD329F4CA0518C44E41BFA960335C10C93076AE48480B276B3795"
"Data2\map\island01\TP_I01.ROMZ","319895","2019-03-29 14:46:00","19DC1DA9BF5A777634A65D5B149A1C4D07B4FDA5CCF226C4E91312E71A2A50BC"
"Data2\map\island01\TP_SeFu.ROMZ","136126","2019-03-29 14:46:00","733280FC7C7F01DF1E554A549548F7C69B238D48ACC2DEE9342BC319DF26BD98"
"Data2\map\island01\TP_SeFuIO.ROMZ","152120","2019-03-29 14:46:00","9DCA410D134FB6512EAE591804C428BD781349F17FE9ABD8A0884C83DF4CF284"
"Data2\map\island01\tree01.ROMZ","45944","2019-03-29 14:46:00","B08E7ECCDA695FDBB41B768AD0F336B43D680A85F2F0FF646D10CA246D5F7271"
"Data2\map\island01\tree02.ROMZ","61900","2019-03-29 14:46:00","E7F5EEAEFC14A76F767ECDD3ABD79924CF3FEF07CF26A8D6D7605B0B58A9C497"
"Data2\map\island01\tree03.ROMZ","168168","2019-03-29 14:46:00","B6518563AC3739FB56D84D291419E97FA708E39C675874A16A75EEDF39F2659B"
"Data2\map\island01\tree0a.ROMZ","23537","2019-03-29 14:46:00","8EEF01CBCA542A91B1A74F991DC8ABEA253C93F2DE3F5403997009DF699C207A"
"Data2\map\island01\tree0c.ROMZ","158189","2019-03-29 14:46:00","880AD635CB8009B1CF3C7D98E005D1DE6010957DCEE7459842DBAA1A45785466"
"Data2\map\island01\tree0d.ROMZ","550395","2019-03-29 14:46:00","9290AD81FAA68ED867FD08D90E6932696E71846E303B71285ABC9E7BC9097133"
"Data2\map\island01\treeec01.ROMZ","101912","2019-03-29 14:46:00","2C35CB5673E3F4257C6B92967E7F481E83F59D160E8C2453FD5181058C06335F"
"Data2\map\island01\walls2.ROMZ","429082","2019-03-29 14:46:00","704389FB6046C3A044BC25E0003587321B3BA3C18340F801FD367CCDCF8652E9"
"Data2\map\island01\weed.ROMZ","185347","2019-03-29 14:46:00","35EA3A6934ADB7A6C582904417E6595F61F29009C89E8BE40BA4D5CB2C816F3B"
"Data2\map\island01\weed02.ROMZ","48858","2019-03-29 14:46:00","13611189217B9FDE0041A95C90BD4A202CBC9EC7884D2874F46423DDD69CD873"
"Data2\map\island02\_tree04.ROMZ","84429","2019-03-29 14:45:14","3D7B669348FE1B3FCCCED74C661ACCEB301822E755878516A4889FF979F3890E"
"Data2\map\island02\_tree06.ROMZ","24330","2019-03-29 14:45:14","560E8588677A2702419486094DD62EC3C4F554EBEF6E2BFBF30AF2EB91D0F734"
"Data2\map\island02\_tree07.ROMZ","15158","2019-03-29 14:45:14","3A0EB460B01EF5AD14199632BC4F300FCADB7BE9AAC59202CA05AD498AB3F89D"
"Data2\map\island02\_tree08.ROMZ","32642","2019-03-29 14:45:14","EEE8D5913FE665C0E8DF7B831136DDE20F73F926608C7EE8F7145D068D15DD28"
"Data2\map\island02\_tree09.ROMZ","57745","2019-03-29 14:45:14","40D6D59092041027DA170B2A226BBA4DC1CFE4005CEBD54A3EAC3BA539537DB9"
"Data2\map\island02\_tree0b.ROMZ","18722","2019-03-29 14:45:14","09CD776CCBE5684CAB1806AF9463FB8F2C6104DB35EB9FE2084379CAA9146C21"
"Data2\map\island02\cave05\cave05.mbd","180200","2026-02-09 19:11:35","63B8BE17C8DCEC61C1FDBC2033F0A1EE2B6DF951F0C96CFF6A379185985115F5"
"Data2\map\island02\cave05\Cave05.mbdZ","28349","2019-03-29 14:45:14","C1C45EB7B766AE9D9B7F99A6E87D4259116E1E10E3D6A98E71CDF0CCF2404461"
"Data2\map\island02\cave05\Cave05.mdlZ","3527","2019-03-29 14:45:14","DD483AFF5D30DEB0EC821F87A1DF61E97D5BFFF5DDB0CB23C0C9B6C3E4D3E8A5"
"Data2\map\island02\cave05\Cave05.mdtZ","286","2019-03-29 14:45:14","7685733E78FE9A9B85379FA5A8F78FDE45B95448BECB50447BF5FC4225499ECC"
"Data2\map\island02\cave05\Cave05.mmbZ","3658","2019-03-29 14:45:14","CFED37CC04E98BC6B0BB8083B24F823480D87B08A04C706F4A879BA7FD4B3E40"
"Data2\map\island02\cave05\SMLG.ROMZ","460167","2019-03-29 14:45:54","804F054A6E3D794650E3D1A97E2B0D641F9F0A957FCB7310CF314D8C4EB90178"
"Data2\map\island02\cave06\Cave06.mbdZ","26200","2019-03-29 14:45:14","DD09AEB9C664F2B7BAF6EB9E7657AABC4223D1689118A0BE78134EDD52C8DEA6"
"Data2\map\island02\cave06\Cave06.mdlZ","2555","2019-03-29 14:45:14","1A340C552A16E092C08A11809A36FCFF794AB8195A39A6C9260D2B33EA0B6C4D"
"Data2\map\island02\cave06\Cave06.mdtZ","489","2019-03-29 14:45:14","B33A670811C0C591FD12BBFB6F449993144A420A41FCDA44521EA3B078553C89"
"Data2\map\island02\cave06\Cave06.mmbZ","3589","2019-03-29 14:45:14","77A281241C8EF47F9E6BFE40A3DEAED7C50E838A50C2EE0BB6E0FF2957DE12FC"
"Data2\map\island02\cave07\cave07.mbd","134276","2020-06-12 18:27:56","06A3EB337EFC9876F5E6AA77E8C80D569D9D730E0F49B1B5BC3B641809B502DC"
"Data2\map\island02\cave07\Cave07.mbdZ","20271","2019-03-29 14:45:14","24B1E036ACA1716A1DA70BC34F530375FE97617BE99DBD463198CED8EF5522A8"
"Data2\map\island02\cave07\Cave07.mdlZ","2901","2019-03-29 14:45:14","5EED3040D7841D64489075149C1C13CD74B9236385D5C71E62E2B38A1C208950"
"Data2\map\island02\cave07\Cave07.mdtZ","276","2019-03-29 14:45:14","85DBFF64C5F49F3B83E6DB9997740D2BD98F382F1AC839BA2739EEDF8ADD6DF4"
"Data2\map\island02\cave07\Cave07.mmbZ","2874","2019-03-29 14:45:14","9DC5B69E1193C0E5735E277845954B3F1883D7D26DC7F9C267D55168DB62725C"
"Data2\map\island02\cave07\SMHG.ROMZ","458474","2019-03-29 14:45:54","6A7723C83686FA6BF79729A22405A2FF4E5514FFAF6D24A7E22E81338E2FF408"
"Data2\map\island02\cave11\cave11.mbd","1144384","2020-04-30 13:13:50","F70AABD4C4A783045A6FE977A120C2A3087B37B8B71CA6253808EED0D07CB5A0"
"Data2\map\island02\cave11\Cave11.mbdZ","176707","2019-03-29 14:45:14","54422D5A118C0D98EE02F8E9E80466B8D986BF53D664E6098D94A3FB927F3868"
"Data2\map\island02\cave11\Cave11.mdlZ","12350","2019-03-29 14:45:14","10A58DB5228C4E9110B1D295477DA2A1BC273F892F2C39D613E518FE6A93FC4D"
"Data2\map\island02\cave11\Cave11.mdtZ","255","2019-03-29 14:45:14","CB5A326D4E47F7BC3E63B8332EB1E21E5E37AF46FD04EB37D5F1D5EC14DAD989"
"Data2\map\island02\cave11\Cave11.mmbZ","17173","2019-03-29 14:45:14","0206E3EAE6363D397117CB7973C7D39992401EF8456B85808C3D4066DAA6BB00"
"Data2\map\island02\cave11\L2C.ROMZ","648191","2019-03-29 14:45:38","C134DAFC8344236BE041A3F66ED758B2D026185A05BAD960131D13308CDAD7FB"
"Data2\map\island02\cave11\L2CG.romZ","73230","2019-03-29 14:45:38","54A15BE5FD64FE802623F0E825F876B2406BC9CC7711C6FB6930B9B43F3621F1"
"Data2\map\island02\cityi3\CAR.ROMZ","78239","2019-03-29 14:45:16","9224B44992269C90ACC902727F9A0964EB933E7A28A35438CC2DE4F2AF203158"
"Data2\map\island02\cityi3\cityi3.mbd","95416","2020-04-30 13:17:34","713201ACE7D302184BB8A2E74E53D9FF01013DBE27AC25843218C630E79A5401"
"Data2\map\island02\cityi3\cityi3.mbdZ","20925","2019-03-29 14:45:14","3505446D75B0D66336B6774CF1733F0C99216522869169AE5A670BC5C2CA786F"
"Data2\map\island02\cityi3\cityi3.mdlZ","6588","2019-03-29 14:45:14","87AC0856F6A2CEE6D301CC38AB22FF6D901463C4068FC72DEC3894E7F5FB94CD"
"Data2\map\island02\cityi3\cityi3.mdtZ","462","2019-03-29 14:45:14","4BD1C969541970263F3EB86F05085A576E44CF94B3657CD552D27BA8391205C8"
"Data2\map\island02\cityi3\cityi3.mmbZ","2253","2019-03-29 14:45:14","49B36D4E1F959D31111F1488E9E87A0D67E12FB2A4B74F76DB1D16BBD273971F"
"Data2\map\island02\cityi3\flowernew01.ROMZ","90138","2019-03-29 14:45:32","9AF78A4AC8241DB5DEBE147EA9F5AFF4D4C16C1022F2070C1265210C6D80FCB9"
"Data2\map\island02\cityi3\flowernew03.ROMZ","90790","2019-03-29 14:45:32","CA5EFC86E235ECAE2F11C100A55D5A654C7785EC2924627ED92A734D1E339055"
"Data2\map\island02\cityi3\FUR.ROMZ","20973","2019-03-29 14:45:32","E59A72B40E24FFD9C609980557F30A7AEC0523FD93C1E216A763900A6B80F667"
"Data2\map\island02\cityi3\G_SKY.ROMZ","877141","2019-03-29 14:45:32","3B6B97C86BD44E6A6EF2A455AA5A4A633BDB57AAD77B000B642B4034B6F7A76F"
"Data2\map\island02\cityi3\GII_Mou.ROMZ","1314803","2019-03-29 14:45:34","E72209018A348A729D69008558D2F27D3AB9DBB78D8172B507CAB55D3BA19048"
"Data2\map\island02\cityi3\IO_S.ROMZ","380","2019-03-29 14:45:36","58CF21296FB069A1EEDDA685506871C1A7C5528C5459AA8D11BBEDB32766C52A"
"Data2\map\island02\cityi3\IS_02G.romZ","535563","2019-03-29 14:45:36","1A966DB67268C1EDA2042F5C8ECC0CEF59ACCA8BAF4883D9B9F9955B314CF2BC"
"Data2\map\island02\cityi3\IS_02W.romZ","252036","2019-03-29 14:45:36","2B9C82CD5EEC9A27011AD8FC956560799EA0B98C4DB14214A237CBBADEB3350B"
"Data2\map\island02\cityi3\PIT.ROMZ","66154","2019-03-29 14:45:44","0C28475AB7B6250741FA3AF6CE1740AB8875DBACAFFA230726E3367DD5119B7B"
"Data2\map\island02\cityi3\ROU.ROMZ","818602","2019-03-29 14:45:52","10DC203E16ABFE6178D316444049EFF0684DFD729D0C856304723289834ACE4A"
"Data2\map\island02\cityi3\treeec01.ROMZ","101912","2019-03-29 14:46:00","2C35CB5673E3F4257C6B92967E7F481E83F59D160E8C2453FD5181058C06335F"
"Data2\map\island02\cityi3\wa.ROMZ","749652","2019-03-29 14:46:00","DA67F0EB9A72A3BF95C6D2219E0DBC2F444FA2B9F7B46A140B3C3B3F49BF9ED5"
"Data2\map\island02\flowernew01.ROMZ","90138","2019-03-29 14:45:32","9AF78A4AC8241DB5DEBE147EA9F5AFF4D4C16C1022F2070C1265210C6D80FCB9"
"Data2\map\island02\flowernew03.ROMZ","90790","2019-03-29 14:45:32","CA5EFC86E235ECAE2F11C100A55D5A654C7785EC2924627ED92A734D1E339055"
"Data2\map\island02\G_Bri.ROMZ","651774","2019-03-29 14:45:32","86AA8A89D0602EEEAD327FD86D754CF7C503D7AF8C58D63941AA53FE194669A2"
"Data2\map\island02\G_SKY.ROMZ","877141","2019-03-29 14:45:32","3B6B97C86BD44E6A6EF2A455AA5A4A633BDB57AAD77B000B642B4034B6F7A76F"
"Data2\map\island02\GII_Mou.ROMZ","1314803","2019-03-29 14:45:34","E72209018A348A729D69008558D2F27D3AB9DBB78D8172B507CAB55D3BA19048"
"Data2\map\island02\GodHouse.ROMZ","316172","2019-03-29 14:45:36","40431569FB8A1D1914AB41B2BCF19C77B138992B6DF31B5ACBA691DC3640B912"
"Data2\map\island02\indoor\TP_Nor_L.hmdZ","457","2019-03-29 14:45:12","B5201259F272C6039069D0DBC7F4BC404AE61D59899C508B6E81E913BA24EFAA"
"Data2\map\island02\indoor\TP_Nor_L.ROMZ","153443","2019-03-29 14:46:00","AA992EC90223A6F487B8220EB4DFFBE3CE8D5B2B6B7683D457A65FFA5C4D0220"
"Data2\map\island02\indoor\TP_Nor_R.hmdZ","459","2019-03-29 14:45:12","CCE0A099D4264B73A7DB54DF6C5EE7D159B52C8F0DF4C4966D2F4C37A578EC82"
"Data2\map\island02\indoor\TP_Nor_R.ROMZ","154054","2019-03-29 14:46:00","F31621025287E352C38D197E10576BBBDFA68AA7C51C91E7F651122A2B54241E"
"Data2\map\island02\IO_S.ROMZ","380","2019-03-29 14:45:36","58CF21296FB069A1EEDDA685506871C1A7C5528C5459AA8D11BBEDB32766C52A"
"Data2\map\island02\IS_02G.romZ","535564","2019-03-29 14:45:36","16182F517FF657209CC42EBE9D9EF40DEB7737D9E31E514A8E88247B7CF698AC"
"Data2\map\island02\IS_02W.romZ","252037","2019-03-29 14:45:36","3211B87A7CD44D6EE48701D7311BBD20DA2D5EB7D16D9E03A60FCD387937D5AA"
"Data2\map\island02\Island02.can","678","2019-03-29 14:45:12","2DF846E71CF2462B45D05BA5617860945FC8A3826D6516399C4B5E3F48DD9D8B"
"Data2\map\island02\island02.mbd","2384636","2020-04-28 19:01:32","0649696AC1B7002E60B2E551EA1A65DAFE75DE942FD835D86827266198B74E7A"
"Data2\map\island02\Island02.mbdZ","527756","2019-03-29 14:45:14","A5473DECD33C809985D726064C9A230BEF4D207B844DF37AEEF8000802EB1B55"
"Data2\map\island02\Island02.mdlZ","59603","2019-03-29 14:45:14","2E2493B6C580A8F56A71A5975EA38577974E58A1993EB7BC60A95C2742638717"
"Data2\map\island02\Island02.mdtZ","463","2019-03-29 14:45:14","035567D406667512460A938DA159D85CE611B3466B60617DE4039A9C3989F60E"
"Data2\map\island02\Island02.mmbZ","44610","2019-03-29 14:45:14","2563893F249107575DE03649E759D04843F74D49E8CC093FA5E9F93FA0D83B91"
"Data2\map\island02\jail00\cave00G.romZ","77412","2019-03-29 14:45:16","00BF5B0948CCCC10A77CA2D070FDC1ED5849D44DA12C89989643189B292E7AFC"
"Data2\map\island02\jail00\jail00.mbdZ","9577","2019-03-29 14:45:14","48ACF2C3707110599161FB54F8EEAABE58E4C85AF89D65C15ED8762238676254"
"Data2\map\island02\jail00\jail00.mdlZ","1227","2019-03-29 14:45:14","F39767018FFBDF19F7B8DA17CB80944BC9C5584E851A9E411A3E28852004CB29"
"Data2\map\island02\jail00\jail00.mdtZ","254","2019-03-29 14:45:14","5148CD7C5BF671DD2366FE80802649C25329FC07D2F6D1D06A76AC2BE2FA65B2"
"Data2\map\island02\jail00\jail00.mmbZ","1044","2019-03-29 14:45:14","420A8A783A408541579706B6F5580971E12235E9C718C74EEAB32FFEBFAD322F"
"Data2\map\island02\L3_SI.ROMZ","375601","2019-03-29 14:45:38","7E4CA95907678203174F914C6B5972A99D8AD9A58D74FF40735A433F8A680B95"
"Data2\map\island02\ROU.ROMZ","818602","2019-03-29 14:45:52","10DC203E16ABFE6178D316444049EFF0684DFD729D0C856304723289834ACE4A"
"Data2\map\island02\Stone.ROMZ","364024","2019-03-29 14:45:58","507610CD9EDCD329F4CA0518C44E41BFA960335C10C93076AE48480B276B3795"
"Data2\map\island02\TP_I02.ROMZ","274804","2019-03-29 14:46:00","EE3CEC41FD914B4DA6C5541E68AF8EA1AC899532C8DBB94B4DAC83A7B68F28EE"
"Data2\map\island02\treeec01.ROMZ","101912","2019-03-29 14:46:00","2C35CB5673E3F4257C6B92967E7F481E83F59D160E8C2453FD5181058C06335F"
"Data2\map\island02\wa.ROMZ","749652","2019-03-29 14:46:00","DA67F0EB9A72A3BF95C6D2219E0DBC2F444FA2B9F7B46A140B3C3B3F49BF9ED5"
"Data2\map\island03\Btree.ROMZ","2651583","2019-03-29 14:45:16","BADD895EBE13E37200418F3B8A75F81B54513F34B717D93DFFF44D493D6EC03B"
"Data2\map\island03\cave01\cave01.mbd","134276","2025-10-17 00:05:06","327D6E32815AF34F07C5DEBD09CE5B8BD36B092490CDBA7B4FC93D3CDA8BF415"
"Data2\map\island03\cave01\Cave01.mbdZ","22366","2019-03-29 14:45:14","E1C162B98C21A9ECAD52AC09B14352BE3816206A442B4FF9B9F0220DA51FE9F4"
"Data2\map\island03\cave01\Cave01.mdlZ","3301","2019-03-29 14:45:14","A9815A36211FF02C97D18A958AD30738F1157DD16A9B351A0E9375439D8CDCEE"
"Data2\map\island03\cave01\Cave01.mdtZ","257","2019-03-29 14:45:14","311A8D1F0923F11B1AF5872AE449EA67D8701DE6A6B6064AB87EF4A2631E29AC"
"Data2\map\island03\cave01\Cave01.mmbZ","2846","2019-03-29 14:45:14","58415AA3FCD72E465D46D9EA5B83CBBD4D2FD2B9B85150919D12D8975B2209CB"
"Data2\map\island03\cave01\IOc01.ROMZ","106879","2019-03-29 14:45:36","2408E11DF08CE76AF5AC6B5168C0E746E24D7B5BD53D187ED90AFB5A896C2BDA"
"Data2\map\island03\cave08\Cave08.mbdZ","21434","2019-03-29 14:45:14","0D0395AB144E000DEB15A3D584BF68F810DEF9A8E615CB2F09A829FC30E815E3"
"Data2\map\island03\cave08\Cave08.mdlZ","2117","2019-03-29 14:45:14","51849873916727B2A357D4BDC53D7986E34C02376E41BC86A60D074D941C5137"
"Data2\map\island03\cave08\Cave08.mdtZ","217","2019-03-29 14:45:14","774FF1C9BAAAA953CCAA44DDEFD670370417CE0FB9A1DD1311612165D413C950"
"Data2\map\island03\cave08\Cave08.mmbZ","3200","2019-03-29 14:45:14","69F26813A9C971314D0B48FF18DCBB72D98B22FD7D7C297DFE980FDF9BF8F573"
"Data2\map\island03\cave08\ICE01.ROMZ","60232","2019-03-29 14:45:36","375BAE8F67B386373234E1C70BE07E7F6B0DF4A87856ED6458F59F7085C008EC"
"Data2\map\island03\cave08\IOc08.ROMZ","28385","2019-03-29 14:45:36","BA984426E2C350FD15FCE0E137004EF967236E8F40A454911D9AC9C7B30FA7D3"
"Data2\map\island03\cave09\cave09.mbd","134276","2020-09-09 10:31:36","3AD80A0A2DC5C32E46760D6CB121B4D67F47B0473096F7D9B0D611C77A1116A9"
"Data2\map\island03\cave09\Cave09.mbdZ","25711","2019-03-29 14:45:14","6BACAC511E047A262138BDCE3F4DC3AD88F4E81D5AAB36F8FDCE54E9C0EDF236"
"Data2\map\island03\cave09\Cave09.mdlZ","1429","2019-03-29 14:45:14","F4C9931D5072CBD2A01AD9FD2093BAC2891B8D1CABF8874B608A46D35294C158"
"Data2\map\island03\cave09\Cave09.mdtZ","313","2019-03-29 14:45:14","F9FC218E232D71E5339CA5381A5B7842B08C8EAA61A00BA1A8BAEA8C2A9A0FEC"
"Data2\map\island03\cave09\Cave09.mmbZ","2895","2019-03-29 14:45:14","E15E81B91475DB75F9D002275ABB3769E3CDD511C397F820C2BC2285667DED75"
"Data2\map\island03\cave10\Cave10.mbdZ","27757","2019-03-29 14:45:14","5F151255491F6864E704D19B0B2D2BAB366B81B8A9A1756E17EB518663A2F2DC"
"Data2\map\island03\cave10\Cave10.mdlZ","1871","2019-03-29 14:45:14","BD81550FBA608E69DB2B031B02779EEF45FA2C72AA2D9F2E0845569EA00C8DE8"
"Data2\map\island03\cave10\Cave10.mdtZ","360","2019-03-29 14:45:14","F796BE0008F73BD53D27820F9B5B3DF41F0DE672C2C7512EC5C16BE4FC495FFB"
"Data2\map\island03\cave10\Cave10.mmbZ","3221","2019-03-29 14:45:14","87FDFE6808154974D5AB7D0E776417BBCEEBCAD942E56C7037AE968F075A539F"
"Data2\map\island03\cave10\IOc10.ROMZ","66234","2019-03-29 14:45:36","AD7DBC57068F3D33524DD972C1777BE977CFC51812AA94188E985392C08F2AA2"
"Data2\map\island03\cave12\cave12.mbd","596924","2020-04-28 19:02:12","6BD4F0A65A61CE76FEA17C00AF7068A17095ECDF09748649F3304B187F959389"
"Data2\map\island03\cave12\Cave12.mbdZ","95099","2019-03-29 14:45:14","12406B848E34CFD4A9C640E39824B37D8BDFB648BA06ADEE184DDF30353C7536"
"Data2\map\island03\cave12\Cave12.mdlZ","1818","2019-03-29 14:45:14","33C3F20ABB90CF8C942EAC1BA3038B1D92A02BFAF852FB9E97A36C61826B3EA1"
"Data2\map\island03\cave12\Cave12.mdtZ","231","2019-03-29 14:45:14","14B1AB54640908B56D31961796CA94C5B72DE127AE27F98425F9A9564B5F3688"
"Data2\map\island03\cave12\Cave12.mmbZ","9110","2019-03-29 14:45:14","1772052A223F275A51C31E102B1BE54225FFFE6DB759E67B54C1A8875166CF95"
"Data2\map\island03\cave12\L3C12.ROMZ","542347","2019-03-29 14:45:38","5EF585F56FF4A0740D3866884E6611C22B51557FF054066013B421D8294E24D3"
"Data2\map\island03\cave12\L3C12G.romZ","1367","2019-03-29 14:45:38","E0058A27E4AE14427AD336C79B5CF9B121AD29DC0788B074BE4B06B008BB0008"
"Data2\map\island03\cityi2\4Saint.ROMZ","180086","2019-03-29 14:45:14","D5A9A46CED9A55120AF77A38A062F3C2AE1D453A99CF881E6E8D049A82BA0237"
"Data2\map\island03\cityi2\Baluster.ROMZ","15742","2019-03-29 14:45:16","9F728C68FC47DE121B3194EC4D3A1827E9B651E7F106209307DFEB8B65F911DD"
"Data2\map\island03\cityi2\Baluster2.ROMZ","22329","2019-03-29 14:45:16","7C03373408C37808259BBB3BD0F79CA4FDF8EE2F747FD4E1E1125065A1B8DB20"
"Data2\map\island03\cityi2\BigDoor.ROMZ","249936","2019-03-29 14:45:16","00DEC119C5265579084461B6FDCE2C848D617D84148B6589EB0BAD1AE0C5FE0B"
"Data2\map\island03\cityi2\bri1.ROMZ","195296","2019-03-29 14:45:16","DED186A3658F45C0960EE68F3942E61824E01E0DA0096610D69A58978F17513B"
"Data2\map\island03\cityi2\cityi2.mbd","434536","2019-04-04 18:17:22","EBA7AA7AE1DDC0381C7FE30D452FA251345AA9310386948B5EAF080C37D78E59"
"Data2\map\island03\cityi2\cityi2.mbdZ","81196","2019-03-29 14:45:14","E6E12FD3FFE4D87D91205D9D00C02B8960238609C1248AD0E488DE4EB8630CE2"
"Data2\map\island03\cityi2\cityi2.mdlZ","20261","2019-03-29 14:45:14","CB36DBF46ADC611620E1BD7C9B0093955C846F33A849EBF88F6CE57F426813CC"
"Data2\map\island03\cityi2\cityi2.mdtZ","666","2019-03-29 14:45:14","292D0011561D97214FD77ADCD0E0121A31B491B13BB26309C96FE4617630695E"
"Data2\map\island03\cityi2\cityi2.mmbZ","8182","2019-03-29 14:45:14","D258AD62E630C671AC82EB559BA5C400D7A314132738BD0857FB6935EFCDFE6C"
"Data2\map\island03\cityi2\Cook.ROMZ","96688","2019-03-29 14:45:16","92E5C63B1B0A524A27966CB56F6C9BCC5DA5CC9270A1E7FDB36F6EF7DA3408AB"
"Data2\map\island03\cityi2\Door.ROMZ","449265","2019-03-29 14:45:16","67F3F5C8E0420ED1C2E846C2E76B1CFD1738522D75DBED71F4260450EC1DB037"
"Data2\map\island03\cityi2\dwG.romZ","1944421","2019-03-29 14:45:18","9810186AE7179D50BA9424FFED6CB874976B657D482191FE4E98202949F6FF4A"
"Data2\map\island03\cityi2\fish.ROMZ","28566","2019-03-29 14:45:32","7BE5D231A38F47302C16826E2FC642C686CCD3EC84E8FC138781CD64438F13E1"
"Data2\map\island03\cityi2\Flowers.ROMZ","78693","2019-03-29 14:45:32","C538CC818F7277F08227623E59A30B9E40BD96DF5DB184BF263DE716EEEB184E"
"Data2\map\island03\cityi2\G_SKY.ROMZ","877141","2019-03-29 14:45:32","3B6B97C86BD44E6A6EF2A455AA5A4A633BDB57AAD77B000B642B4034B6F7A76F"
"Data2\map\island03\cityi2\ggg001.ROMZ","7709","2019-03-29 14:45:32","68DAF29A04D25EE739A3F2C41B175BC1EE4D5731C26A9E1F652F210AC556E85D"
"Data2\map\island03\cityi2\ggg002.ROMZ","9426","2019-03-29 14:45:32","B2DBBE713653B5CA04A3DAC820A0DAD13E036161B8D60D0AD0F577B09D9AF2B6"
"Data2\map\island03\cityi2\ggg003.ROMZ","4027","2019-03-29 14:45:32","78FD633BDD58B1A3E87507F1464E0E95239EDB7E6D04445557AF24A115FF3B09"
"Data2\map\island03\cityi2\ggg004.ROMZ","1733","2019-03-29 14:45:32","7496E9246D47EE28F2A670B3466D738D085CD6C713B615C7C9838F9397640E08"
"Data2\map\island03\cityi2\Instrument.ROMZ","27154","2019-03-29 14:45:36","A91881D2FB8A12C366591415D964A4555D0BEDE3AEFAA7BE65D6C0F5BEB1ABAD"
"Data2\map\island03\cityi2\IS01_W.romZ","17064","2019-03-29 14:45:36","EE18BD23CA8664F45266DFD9357F400AE3A8B53CC6CA6C80E770552B7EE57DCF"
"Data2\map\island03\cityi2\Mark.ROMZ","185733","2019-03-29 14:45:40","40563EBB17DE47C0128528F5E3CE03FC7C75B139E254C1E84739DAAFB4B4DF7B"
"Data2\map\island03\cityi2\Mark01a.ROMZ","217650","2019-03-29 14:45:40","5F2C0591E8106B481401C116256D31DA6425C8A24C22B5B2341DD78D9396C602"
"Data2\map\island03\cityi2\Mark01b.ROMZ","212324","2019-03-29 14:45:40","511DE2600C0B833D38D61D160C0E2AF48515DE6EB7C0339E05052A40F93F44B1"
"Data2\map\island03\cityi2\Mark01c.ROMZ","219390","2019-03-29 14:45:40","AE6CCD4CFAC0D4FF82AE8C521EC889AEA587BE2B58314B7C5B10A55AB4F37D72"
"Data2\map\island03\cityi2\Mark01d.ROMZ","213435","2019-03-29 14:45:40","2D4040DFD3ACCC428D001F753D481E48424ED76DF02D9353BB0FBBB6D0293A3F"
"Data2\map\island03\cityi2\MARK2.ROMZ","335855","2019-03-29 14:45:40","E4A91DB4F00674DAC82CB9379E47FFC9305F62DEAFA2E98EB86A87AB9B8C5D60"
"Data2\map\island03\cityi2\Monolith.ROMZ","443296","2019-03-29 14:45:40","0B36EDDE489F4B8B9B1C3A4CB043872D01A7649DC112ED304C6984AEA719E7DD"
"Data2\map\island03\cityi2\NEWnew01.romZ","145928","2019-03-29 14:45:40","B244C9C0C6C998E1BD0127061454BADF088C1F86BFD4C6C1685B9349976B9CB1"
"Data2\map\island03\cityi2\OT.ROMZ","84440","2019-03-29 14:45:44","1F81C19F9806C7DFBFE3CCD4C2EABF9EA135AB8A1724310C016F94B15A450548"
"Data2\map\island03\cityi2\Pool.ROMZ","153413","2019-03-29 14:45:44","77377E0055EC87464458CDBDEF0010B94970BB744632186B211B1E5023FD264F"
"Data2\map\island03\cityi2\Study.ROMZ","106337","2019-03-29 14:45:58","6B6BA000481D8824F8FC2086F1AB31483D1374185F6441FACD3104FBBD9FBEE3"
"Data2\map\island03\cityi2\Stuff.ROMZ","187826","2019-03-29 14:45:58","AF78CD9BD78A2639120A3E6685659DC528DCFC9AB239C24F56FC7DBA36F106B7"
"Data2\map\island03\cityi2\Train.ROMZ","197553","2019-03-29 14:46:00","7C76BB6B5A3C4E457474ECDBF8D8681BCCDA77266ACAF868B5AC273568118301"
"Data2\map\island03\cityi2\Tree.ROMZ","513119","2019-03-29 14:46:00","B8B23E88D8A71F90F2FE0ACF8FBE3DD2F534948D578FE3FDFEDAA1E292788594"
"Data2\map\island03\cityi2\TT.ROMZ","374690","2019-03-29 14:46:00","6C6254B22748B8D57BD35D862B04AF8C7BCD3E5D93ACDA8CE24EB4CBA517E084"
"Data2\map\island03\cityi2\W_light.ROMZ","631","2019-03-29 14:46:00","C69D7B88AED83A2E3E6D91EC637AA912FB75343C227EBD0ACCEB089933551762"
"Data2\map\island03\cityi2\Wall.ROMZ","344910","2019-03-29 14:46:00","0A24AAEC2508EF085DED8D58F325630D4F93AAF90F4235A33456A6F56093017B"
"Data2\map\island03\cityi2\Wood_B.ROMZ","63605","2019-03-29 14:46:00","C165B833C0654071170EF4963BC5AA11CF757FF42EFC6156BC6B9ED13E84503A"
"Data2\map\island03\cityi4\BANDIT_G.romZ","378398","2019-03-29 14:45:16","F3324296FA798F81B38A4D17F6B34BD56C40D0F9D7508A85081609A282355AFB"
"Data2\map\island03\cityi4\BANDIT_M.ROMZ","959516","2019-03-29 14:45:16","5092EBDF33C22317D12BA68C8F6EADDE2AD5F069563C7B0604AFC9EF5ADB8046"
"Data2\map\island03\cityi4\CAR.ROMZ","78239","2019-03-29 14:45:16","9224B44992269C90ACC902727F9A0964EB933E7A28A35438CC2DE4F2AF203158"
"Data2\map\island03\cityi4\cityi4.mbd","95416","2020-04-28 19:00:44","12DA6A816F8BC706F2DB7BC366EB3BFDDA303C31D0414F2E717F291BF098A1E4"
"Data2\map\island03\cityi4\cityi4.mbdZ","15722","2019-03-29 14:45:14","6EF9A9184D9E306B42EF15D62E1558EDD5B5A929CAD5136060902F3458BE28B2"
"Data2\map\island03\cityi4\cityi4.mdlZ","2825","2019-03-29 14:45:14","3650587F557F352851C1D02D74A2FC53E20AFD9B492DD73975A7BF9453F65604"
"Data2\map\island03\cityi4\cityi4.mdtZ","302","2019-03-29 14:45:14","B5C44E09FD98EC2C2898553ABB44E9E49A94E35B7E3903CC3C5A86229E17D933"
"Data2\map\island03\cityi4\cityi4.mmbZ","2093","2019-03-29 14:45:14","586371DA0AFECA873B1A21F2BCFFA7A06A6E14473BEF38F48B5FB9516CFC5405"
"Data2\map\island03\cityi4\FUR.ROMZ","20973","2019-03-29 14:45:32","E59A72B40E24FFD9C609980557F30A7AEC0523FD93C1E216A763900A6B80F667"
"Data2\map\island03\cityi4\IO_S.ROMZ","380","2019-03-29 14:45:36","58CF21296FB069A1EEDDA685506871C1A7C5528C5459AA8D11BBEDB32766C52A"
"Data2\map\island03\cityi4\PIT.ROMZ","66154","2019-03-29 14:45:44","0C28475AB7B6250741FA3AF6CE1740AB8875DBACAFFA230726E3367DD5119B7B"
"Data2\map\island03\FrogL.ROMZ","30525","2019-03-29 14:45:32","F6FEA0DD419F3FFF5E60A4868ECE7E599E056F0383CB53C03E7343AD05949FB6"
"Data2\map\island03\God.ROMZ","282873","2019-03-29 14:45:34","8FEC6FEB8AF182395B4D546C679D088BE8A78B2330CA0C731884F748B3A7A075"
"Data2\map\island03\GodHouse.ROMZ","316172","2019-03-29 14:45:36","40431569FB8A1D1914AB41B2BCF19C77B138992B6DF31B5ACBA691DC3640B912"
"Data2\map\island03\indoor\GR01.hmdZ","1295","2019-03-29 14:45:12","FF3ED4FF9BD4FB5A556E9CCF36D90B5225BA4DB1DD4DBA21805EE61FED59D802"
"Data2\map\island03\indoor\GR01.ROMZ","1837836","2019-03-29 14:45:36","5C8478FBE4B34F9EDE0E39F309FEE9F068E79E2DC20BF92ABC85F6D7BAC409B0"
"Data2\map\island03\indoor\GR02.hmdZ","1411","2019-03-29 14:45:12","3594C1704C1CFB6FC3C8DCDF3B8B0D97EE4B80DB8F3362E9F79C5DB3929131B2"
"Data2\map\island03\indoor\GR02.ROMZ","1988542","2019-03-29 14:45:36","C67A049EFF1E081ABAEA0A46D6E744CF3663B1671466E38812E6520E03205C38"
"Data2\map\island03\indoor\GR03.hmdZ","1259","2019-03-29 14:45:12","064D558511327719265C2B1A75EE8CE43A83CDD2D60DA16D50DD45A5EC6C1A2A"
"Data2\map\island03\indoor\GR03.ROMZ","1829461","2019-03-29 14:45:36","B41266C72EA50B7CFA252BA3A921CFA018275AF8F1670676AAD97EEE4513202C"
"Data2\map\island03\indoor\GR04.hmdZ","1270","2019-03-29 14:45:12","609CBFF61D02D8FD20B3B9D709DCD3D1D30821C3A1BE3D01D74619481930C857"
"Data2\map\island03\indoor\GR04.ROMZ","1833765","2019-03-29 14:45:36","524A54F7A52A978322EFC8EB1417C66C39FAAB85B05AA0DB185B8D764E91A0DC"
"Data2\map\island03\indoor\hofu.hmdZ","518","2019-03-29 14:45:12","02CDEADBB4D307B870659C1AAB16B116F4BDFB1DB036408AE0E214523E47ABEB"
"Data2\map\island03\indoor\hofu.ROMZ","755888","2019-03-29 14:45:36","EA068B635B130CB06155342516F29243F180808FD0D4143FB1459C35D4427A31"
"Data2\map\island03\indoor\KONFU.hmdZ","796","2019-03-29 14:45:12","FB4BE398E21EBBD046241E1EAEE457B3A93B1A016199B8EC5F092CC8E74990F7"
"Data2\map\island03\indoor\KONFU.ROMZ","819119","2019-03-29 14:45:38","C8349E416A058C9398852765AD90248CBBCF3EBA38D9D25E04C85665FD6CD933"
"Data2\map\island03\indoor\TP_Nor_R.hmdZ","459","2019-03-29 14:45:12","CCE0A099D4264B73A7DB54DF6C5EE7D159B52C8F0DF4C4966D2F4C37A578EC82"
"Data2\map\island03\indoor\TP_Nor_R.ROMZ","154054","2019-03-29 14:46:00","F31621025287E352C38D197E10576BBBDFA68AA7C51C91E7F651122A2B54241E"
"Data2\map\island03\IO_S.ROMZ","380","2019-03-29 14:45:36","58CF21296FB069A1EEDDA685506871C1A7C5528C5459AA8D11BBEDB32766C52A"
"Data2\map\island03\IS_01W.romZ","120101","2019-03-29 14:45:36","9FF104D7FF83C51272C4910CBFFD50DAD5F9201CE132977D14CEA17C076FE82C"
"Data2\map\island03\IS_03G.romZ","181693","2019-03-29 14:45:36","D480E89DB23D413FF436DB0B09A8769B143EAB743C123FD962DA4BA94F4D74E1"
"Data2\map\island03\Island03.can","1080","2019-03-29 14:45:12","5A176C2BDE2C1C98E4E853213CB7017D114EB4AC0F7DAE9E0810F91FC806E727"
"Data2\map\island03\island03.mbd","2763072","2020-03-17 11:48:14","A4AA72FD851A2ECCE3DD45ED3EF76C1C72A5BC50270F57EE733A8FE671B4CAED"
"Data2\map\island03\Island03.mbdZ","389327","2019-03-29 14:45:14","7216C8F979A8BF971F33EBD8AE264E83C2E440883A7822BE4E611C054BCE3906"
"Data2\map\island03\Island03.mdlZ","53304","2019-03-29 14:45:14","66072BF1BA35166F9D76AF79A7CB7CDD9D7AF7F3748F2898C05CB440C88D384E"
"Data2\map\island03\Island03.mdtZ","266","2019-03-29 14:45:14","C46831C41C76AB7B84FCB3E8D8113F30DFBF243F1831843C4C0A9EE5445CED36"
"Data2\map\island03\Island03.mmbZ","54423","2019-03-29 14:45:14","A12945EEF01191A60C871843193797E216A9110B3134EC09D9FC16BAFA3541B8"
"Data2\map\island03\L3_SI.ROMZ","375601","2019-03-29 14:45:38","7E4CA95907678203174F914C6B5972A99D8AD9A58D74FF40735A433F8A680B95"
"Data2\map\island03\L3Bri.ROMZ","161837","2019-03-29 14:45:38","52981EBF1F94B53DDAC5715FAEADA071EFBB277CD9BF63357558E66E0B24BD77"
"Data2\map\island03\Leaf.ROMZ","10987","2019-03-29 14:45:38","A9FE364EE7CF0F49AC7CB6D808A6C8F7CD5E011CC80F7018EFEB4BF61ADA993B"
"Data2\map\island03\Mbri.ROMZ","550159","2019-03-29 14:45:40","947203D4368907B63E52BFD04E28CAD344734257023AECA4D45FC79671B419C4"
"Data2\map\island03\Moon.ROMZ","35736","2019-03-29 14:45:40","8B5E737E28097259BAEF292153B85736C3AD2DD3489CE506B98168F3899DF874"
"Data2\map\island03\STbri.ROMZ","1155217","2019-03-29 14:45:58","E88C71F5BBA2C412A5636AC1BDF9272AB39D82EC9A29C8DFD4E2693E2BCF5DAC"
"Data2\map\island03\TC.ROMZ","598202","2019-03-29 14:45:58","5F400E0769E65A0A4D96DFD0F83C940920FCCBFF45BC4BBB5D14AAD61F555EA7"
"Data2\map\island03\TCs.ROMZ","154977","2019-03-29 14:45:58","EAC0A9AAD1611E82233C46024F38489C43B66228308544F1A72EA7889422DAE3"
"Data2\map\island03\TM.ROMZ","1069817","2019-03-29 14:45:58","1C7CA86D0D1D32784D185D59611F4318C1640A7CD20D94E88F262DFA3DF745E7"
"Data2\map\island03\TP_I03.ROMZ","138300","2019-03-29 14:46:00","06125923FBAB522AD266D58F0E83E738F5126CA214E2ACD02E3DB1A053BBA369"
"Data2\map\island03\TransI.ROMZ","296478","2019-03-29 14:46:00","B849E360195CD68FA709A99E48C7ABA6A981C9C397B7AE7C1CF0ABD952C0EEC5"
"Data2\map\island03\TT.ROMZ","1236163","2019-03-29 14:46:00","B84DF1F38B5414EB396C8CE700039F65FD70FFCB15F073793002ECEFE9AB4FF4"
"Data2\map\North001\4Saint.ROMZ","180086","2019-03-29 14:45:14","D5A9A46CED9A55120AF77A38A062F3C2AE1D453A99CF881E6E8D049A82BA0237"
"Data2\map\North001\b_sto.ROMZ","47357","2019-03-29 14:45:16","923BBA28E4616D40B4CC30596E1FE2A3DA7BA32B0318C0A1FD83CCBEB720E801"
"Data2\map\North001\bon_a.ROMZ","281540","2019-03-29 14:45:16","222A649FAF6BA55C88FE2F919CDA76718CB7E68CDEE54AAB710AA443B9D6B250"
"Data2\map\North001\bon_b.ROMZ","168508","2019-03-29 14:45:16","E7526B90015B6532DCF3498A5EAF0B5130D02D0630E11EB6477AB57C3852B226"
"Data2\map\North001\CityIF01\Boat01.ROMZ","385869","2019-03-29 14:45:16","D1A738BA80C6077EF97EDA914CDF50A65E1B6916B01911DB6DF5C99F2C80DB5A"
"Data2\map\North001\CityIF01\cit_a.ROMZ","34487","2019-03-29 14:45:16","726D4783866CA0CCA509FE61B3E54402633536AB2C83CE0A57BF4EDB883B98D6"
"Data2\map\North001\CityIF01\cit_b.ROMZ","42337","2019-03-29 14:45:16","0748313216E3B693FC12AA638435EDDB66F2DE4A0D3050D75E46E789F73587FD"
"Data2\map\North001\CityIF01\cityif01.mbd","360356","2020-06-10 11:45:54","8EF8F3CABC69497C0613B54B8B93BBA45208CF15B4856BA5D05CB1A14DBF8366"
"Data2\map\North001\CityIF01\CityIF01.mbdZ","90856","2019-03-29 14:45:14","44650EBACC57C1B41B5AA25B36E8251F78BA1B49C0B6DAC8ACC9681A2329E90C"
"Data2\map\North001\CityIF01\CityIF01.mdlZ","14366","2019-03-29 14:45:14","2427B338C5088C15D5C45C7E28C61459FDFCE18F5DC2F88D07A84DC45D823489"
"Data2\map\North001\CityIF01\CityIF01.mdtZ","760","2019-03-29 14:45:14","8D06C226CA0BF05EAC2F91373D09B977080E6182CD9E035091E8B38EF28CCF3F"
"Data2\map\North001\CityIF01\CityIF01.mmbZ","7430","2019-03-29 14:45:14","79C4D6F0EF0D6B1A2CAADAC3D1251CE48FEDB59F37DCD500894A972E34C838B6"
"Data2\map\North001\CityIF01\Dock01.ROMZ","142757","2019-03-29 14:45:16","70F7BBC78A01A3514F3311981D6B9557F3B1712C00B699C6BEEA2E0DA4117EF6"
"Data2\map\North001\CityIF01\house.ROMZ","371709","2019-03-29 14:45:36","B225F7E1408EFEB90D49DB1593420060699DC08000FC1AC49C20BF48BCEAB75A"
"Data2\map\North001\CityIF01\IO_IF.ROMZ","380","2019-03-29 14:45:36","58CF21296FB069A1EEDDA685506871C1A7C5528C5459AA8D11BBEDB32766C52A"
"Data2\map\North001\CityIF01\MIDdoor.ROMZ","209491","2019-03-29 14:45:40","200C56B0C25783178DE05A97A0E30611DA7820FD3531E563B4ED3E28A2DEAB15"
"Data2\map\North001\CityIF01\toio.ROMZ","29297","2019-03-29 14:45:58","753EF908C674A84F7EF6E20BFB73B0D06FEFE16D99FE3C59D6FB270E8A1F9528"
"Data2\map\North001\CityIF01\ton_c.ROMZ","208447","2019-03-29 14:45:58","AA9B24D26935CBD38944B652DDAF0210F1E20EC3008AF94FECA61E698A70351E"
"Data2\map\North001\CityIF01\tow_a.ROMZ","82604","2019-03-29 14:45:58","FEB3575E00EB09358E1529FE717D2E0ECD768C2300ED26BA7E3640E38D3309D9"
"Data2\map\North001\CityIF01\tow_b.ROMZ","294395","2019-03-29 14:45:58","928F27FAA922A7B4DEA76A032E053E98899AB8E9A1364F4A30A8AC4C2F065ACE"
"Data2\map\North001\CityIF01\ushou.ROMZ","578466","2019-03-29 14:46:00","177EEE6DD077FBEA57EF2F7AA7E8A7C6AB0F716F153369C566D3C9DB4CCC9837"
"Data2\map\North001\CityIF02\black.ROMZ","3600","2019-03-29 14:45:16","B7F514F74D127DE6BC320DC7DF5CD02CA34D1170FA49BE79AC0C364CC5CF80C7"
"Data2\map\North001\CityIF02\cityif02.mbd","180200","2025-12-21 00:12:02","44D0673A053C0E4695001FE1EFEFB2DD262086CB45AB278593EE2815508CD44D"
"Data2\map\North001\CityIF02\CityIF02.mbdZ","24295","2019-03-29 14:45:14","9B789196C5A4EAC994B1BA0491AB9F7815F15790811E9E501F0A8EDC513DF5DC"
"Data2\map\North001\CityIF02\CityIF02.mdlZ","1479","2019-03-29 14:45:14","89B11EEBBC5AEB1C9B9DA94B2B255C9BABAEC2370B8241A6D50D898BF47F1928"
"Data2\map\North001\CityIF02\CityIF02.mdtZ","191","2019-03-29 14:45:14","3F72A7647A14964F28CC65CF1C9C633DF990B39A56A9FC0535FA980190F23D73"
"Data2\map\North001\CityIF02\CityIF02.mmbZ","3515","2019-03-29 14:45:14","4E47CEBA75EA6CF7845B8845515C8101DFDD0D9963ED1D5EB1CCFC3BCA56A445"
"Data2\map\North001\CityIF02\IO_IF.ROMZ","380","2019-03-29 14:45:36","58CF21296FB069A1EEDDA685506871C1A7C5528C5459AA8D11BBEDB32766C52A"
"Data2\map\North001\CityIF02\preborn.ROMZ","318378","2019-03-29 14:45:44","14FC10D40329637FE7715D235C83729A39C97BEF862FA7BBF411F42334BD070B"
"Data2\map\North001\CityIF03\black.ROMZ","3218","2019-03-29 14:45:16","B6BB52D11665B2E38CFFA2C049D089496E5B2091914C51C49CD816EDC2EE60A8"
"Data2\map\North001\CityIF03\CityIF03.mbdZ","25067","2019-03-29 14:45:14","BB9B076AFAFB21BFEC3BA487BF30796DE4CC75FC6951B05F406FFE66D49E47FD"
"Data2\map\North001\CityIF03\CityIF03.mdlZ","2718","2019-03-29 14:45:14","1F2C1FC1E4EEB4025E93116C7BC00C6EF391B9099B2B3A733BECA99563D2C8E0"
"Data2\map\North001\CityIF03\CityIF03.mdtZ","216","2019-03-29 14:45:14","20E9448AEA4CC3FAA5C510353EC11F762DD95C7429BCA26F6C5C14AF5D8C4EC8"
"Data2\map\North001\CityIF03\CityIF03.mmbZ","3346","2019-03-29 14:45:14","8316BFAB469365AC24803943534AA50B5B71B5463D6BB6A1C34595630C42F42A"
"Data2\map\North001\CityIF03\earth.ROMZ","1954809","2019-03-29 14:45:18","3CB5EF205BF10226018BC04E8CF9C7880603DF94D4B6D31CE4F0D8A9EDBE3EDE"
"Data2\map\North001\citymy01\CityMY01.mbdZ","89954","2019-03-29 14:45:14","2391A84F681AA751D4ADFD71839914BCF3DA2BAAE27E20A35B43CB08BAA1A3C5"
"Data2\map\North001\citymy01\CityMY01.mdlZ","14387","2019-03-29 14:45:14","5FFCC1D7F381E231823B35AC6416F7DF187602FEAB7B6DFE490589D7FC298E0C"
"Data2\map\North001\citymy01\CityMY01.mdtZ","760","2019-03-29 14:45:14","8D06C226CA0BF05EAC2F91373D09B977080E6182CD9E035091E8B38EF28CCF3F"
"Data2\map\North001\citymy01\CityMY01.mmbZ","7430","2019-03-29 14:45:14","79C4D6F0EF0D6B1A2CAADAC3D1251CE48FEDB59F37DCD500894A972E34C838B6"
"Data2\map\North001\earth.ROMZ","1994868","2019-03-29 14:45:18","6D30C6B5EB082375BB0FDC5E5022A1BD0FA4AEFB4B91933935D501E40CEA2B0F"
"Data2\map\North001\FM.ROMZ","918027","2019-03-29 14:45:32","DAA2755E507DBA799D783D7B7D9B9CFF7CD405EF9B2C199CD046727086B3792A"
"Data2\map\North001\FM'.ROMZ","326909","2019-03-29 14:45:32","E0CCDCF922D6A909F23E0FDCB138A4AFB32A9F499AC0795EECB1D5D560CBB429"
"Data2\map\North001\FM2.ROMZ","69185","2019-03-29 14:45:32","C9A300DD5636B717E59422EA19BAC6A47D81B84E371F5A1685A6B5DB554D8F6B"
"Data2\map\North001\FW03.ROMZ","931108","2019-03-29 14:45:32","7CA55FC44DFE5A244F28E5CBD0F2868B3D807C5A0F082625C812A5263C6B9A1F"
"Data2\map\North001\hunthou.ROMZ","86046","2019-03-29 14:45:36","27E33D349F3BF0BFFB2DEF6D9944E73D741FAE970CCC733B69C4CA90760B368C"
"Data2\map\North001\icesw.ROMZ","575946","2019-03-29 14:45:36","0C42A5C5F6FEB0361BD1534AB4606501F6C5DAF6749F89F49D6E6B37EDFB0152"
"Data2\map\North001\ie.ROMZ","125117","2019-03-29 14:45:36","2BF0EF1FF5374BBC7BECB42820B64F00AE5D9C6B8EDC9AE080636D45913015DF"
"Data2\map\North001\IEN.ROMZ","133128","2019-03-29 14:45:36","8C3EF50E27B4C1815341BFD65CD9E0D54B2CF1247FA08DA40DEC2632D46BC9BA"
"Data2\map\North001\indoor\Ho01_L.hmdZ","488","2019-03-29 14:45:12","AA289C55D824B64CF35B52DA8AC9E695E00D69A1F1A94EF605BCC14A715BE71C"
"Data2\map\North001\indoor\Ho01_L.ROMZ","403623","2019-03-29 14:45:36","604F65A7F6F9043009F6E8896046524D73786B23F2445F3E82466C951289229E"
"Data2\map\North001\indoor\Hun01_R.hmdZ","270","2019-03-29 14:45:12","15323E0C17B2A30BC3CCF764F24B4B89F6FC995899115FDA22CCD1D3BD729BE9"
"Data2\map\North001\indoor\Hun01_R.ROMZ","116419","2019-03-29 14:45:36","C4B26F4C84475C8F43728C2DC837CF5AB6D22C5167824509DA8D30F098218314"
"Data2\map\North001\indoor\Mh02_R.hmdZ","379","2019-03-29 14:45:12","EAB57302AE0BAA661CCDA64FA7D3C11219226253E68FCA5E46C482F4C2F7DAD5"
"Data2\map\North001\indoor\Mh02_R.ROMZ","218898","2019-03-29 14:45:40","D595103F22B115B6576601A17BEE52A7DF7AE0C24CE62E9EAFDF3BFB8BDEEDF5"
"Data2\map\North001\indoor\Sh01_R.hmdZ","308","2019-03-29 14:45:12","0A16ABF4BCDFB7CB4D6FE5408787D6E25B787762EC6BF72005870759135E0888"
"Data2\map\North001\indoor\Sh01_R.ROMZ","81878","2019-03-29 14:45:54","56A93A287BA0E6184D6EA5FF46C2F28E7F1A0891C16F67073BE6302E8D8A5FA0"
"Data2\map\North001\indoor\Sh02_L.hmdZ","304","2019-03-29 14:45:12","80DBD61A1158577B923B0B3B076D2E2730D48838E8EE713006D0479868795334"
"Data2\map\North001\indoor\Sh02_L.ROMZ","91611","2019-03-29 14:45:54","C3AE175F0F33AE78370525205DC356146B38C98DB7B51E555121328DB394D0A3"
"Data2\map\North001\indoor\Sh03_R.hmdZ","312","2019-03-29 14:45:12","6FBDCC9EF4674D80B4FB3C1BD8D6AE4720098E71B7A663BE7EA5BD5A18657123"
"Data2\map\North001\indoor\Sh03_R.ROMZ","87458","2019-03-29 14:45:54","788D16DCB8F27784A3E362E77F36184CA1E245356CC07892F18037C380B891D6"
"Data2\map\North001\indoor\T01IN.hmdZ","281","2019-03-29 14:45:12","D0913134E5BD0CBCB2BD317B6FE860C591503A36B7BEC23DA88EBD5A93ABADDB"
"Data2\map\North001\indoor\T01IN.ROMZ","153035","2019-03-29 14:45:58","E3DA772CB9BFCA73F654E2D8E4B4B900C21EC69F7033132D9E3B816FE66527D8"
"Data2\map\North001\IO_IF.ROMZ","380","2019-03-29 14:45:36","58CF21296FB069A1EEDDA685506871C1A7C5528C5459AA8D11BBEDB32766C52A"
"Data2\map\North001\IW01.ROMZ","493336","2019-03-29 14:45:36","0614F470EA563981BBA87A4E37D45F0E4554F8473A565FE856FCEB6F479F3FCC"
"Data2\map\North001\IWB.ROMZ","197491","2019-03-29 14:45:36","AA69900BF3C7C09EA151FA4C05D46FA7348A77E0BBD7CF67B799C7BB8A3326F1"
"Data2\map\North001\Jail01\cave00G.romZ","77411","2019-03-29 14:45:16","7951EB8C75BA93679EAFA1FF6FD1A148B10FF0CDAEAAA94C5E4D35B230377632"
"Data2\map\North001\Jail01\jail01.mbdZ","9706","2019-03-29 14:45:14","48F7B3BF0BD0BEA78CBC4AC1F6DBFDCDE709A058F619D1F88A712B7DD2EA357E"
"Data2\map\North001\Jail01\jail01.mdlZ","1188","2019-03-29 14:45:14","BA90FD87AFDFA26101B37480BF3735A91B82DC522EED1542C1778D849D5C22AD"
"Data2\map\North001\Jail01\jail01.mdtZ","252","2019-03-29 14:45:14","8077A110AE7C0BE271ABBF8956F5C99099D4AEE959E8F071BD9F840AE9D143DB"
"Data2\map\North001\Jail01\jail01.mmbZ","1044","2019-03-29 14:45:14","420A8A783A408541579706B6F5580971E12235E9C718C74EEAB32FFEBFAD322F"
"Data2\map\North001\Jail01\Stone.ROMZ","364024","2019-03-29 14:45:58","507610CD9EDCD329F4CA0518C44E41BFA960335C10C93076AE48480B276B3795"
"Data2\map\North001\MazeIF01\Bone01.ROMZ","20557","2019-03-29 14:45:16","CFDD9CA4A3D890383A8EAB681B146E765C1D418C659F9CE5A4C59D0160064EB7"
"Data2\map\North001\MazeIF01\FW01.ROMZ","544028","2019-03-29 14:45:32","2D186E700AF6B47F1D39CD8C17ED57E98D4A12736C81D0627AE979AD76E0C8DA"
"Data2\map\North001\MazeIF01\FW02.ROMZ","907137","2019-03-29 14:45:32","0B7ACFAB4EF5FBEE92265EBCE472C9CBCDAD280D532FE97E7E7399DD1527FCC3"
"Data2\map\North001\MazeIF01\HoSu.ROMZ","603932","2019-03-29 14:45:36","B4D445670ADE28F1A235C8E49CAD4B80DC249A80E6AFDF2F2BF293E9DD2C4044"
"Data2\map\North001\MazeIF01\M_firA.ROMZ","483131","2019-03-29 14:45:38","72AD9CE224A7F4BB95BBBCC259F176CC64EDE3B904903FEE6D266ED68580937F"
"Data2\map\North001\MazeIF01\mazeif01.mbd","1716740","2025-12-19 10:45:40","EDB1D11EF7B58D83D9EB3D2CB2A15A331C835A8F9EEFEB34F612FD8A65FA8E5F"
"Data2\map\North001\MazeIF01\MazeIF01.mbdZ","280477","2019-03-29 14:45:14","80DD472655493489D0B7D816A8BDA22F76D409328D46AA1CA9F9C0A25D434337"
"Data2\map\North001\MazeIF01\MazeIF01.mdlZ","30692","2019-03-29 14:45:14","86583F4B9E50B39AE24B42CAC97ACE7CDCF2669640919268DDF23A26ED98222D"
"Data2\map\North001\MazeIF01\MazeIF01.mdtZ","445","2019-03-29 14:45:14","CA3E78D290AD3F541E310B30D2859861BED82ACF7939E8F862FF03502AC16A26"
"Data2\map\North001\MazeIF01\MazeIF01.mmbZ","83121","2019-03-29 14:45:14","6D09D7D80A28D39D360787BDDBE98DE2E59431269BAFAF9F225BAEF270301038"
"Data2\map\North001\MazeIF01\stoneG.ROMZ","126606","2019-03-29 14:45:58","2DF456D9DAAB0F82D4DF85F6F16FFB07B897902D70135FED8E4207C957827A49"
"Data2\map\North001\MazeIF02\Bone01.ROMZ","20557","2019-03-29 14:45:16","CFDD9CA4A3D890383A8EAB681B146E765C1D418C659F9CE5A4C59D0160064EB7"
"Data2\map\North001\MazeIF02\IceFlame01.ROMZ","679398","2019-03-29 14:45:36","A53AFED3679804855D9591BE5FA1F0C116E0EFD8ECDCE5A49A7D06349AB2DD51"
"Data2\map\North001\MazeIF02\IceFlame02.ROMZ","340719","2019-03-29 14:45:36","E906B698281D47E0D501D2D2736E70AB316F3F14F19452A566B56246A429912C"
"Data2\map\North001\MazeIF02\IceFlame03.ROMZ","288882","2019-03-29 14:45:36","BD45D7C6A89C2EABA82DCC5A8F642D277ABC244CA1022D9B09F8C5A8CD67304A"
"Data2\map\North001\MazeIF02\IFID.ROMZ","393893","2019-03-29 14:45:36","D3B754D29D3B0B05BCE6537460CDD0CBF3C4AAFDAF807A6E487987C64B8FB691"
"Data2\map\North001\MazeIF02\M_iceA_G.ROMZ","63668","2019-03-29 14:45:38","2C5EE17E317B38D3C63941745BEB5A1276BDE408B9D801BB2FDDE8B0B9BD2048"
"Data2\map\North001\MazeIF02\M_iceA_M.ROMZ","392217","2019-03-29 14:45:38","8A6BEBD6BC9EB49C804EBAF5A35C8D268A9C802094E439728A20B6A12231A6C8"
"Data2\map\North001\MazeIF02\mazeif02.mbd","1716740","2025-12-20 18:59:01","9421FD43994074DB06DAFBBB927A2DDD871E3BACB4E3F00091360B0F599A22DC"
"Data2\map\North001\MazeIF02\MazeIF02.mbdZ","281517","2019-03-29 14:45:14","65DCE1416FCA7973130C854E321C04BEA4834B28C93C898E89F1051D7677576B"
"Data2\map\North001\MazeIF02\MazeIF02.mdlZ","40425","2019-03-29 14:45:14","B93810E9BD9B47C0C3AEE3D59E73399D57F218F0EF702C85603D282E2C394D9C"
"Data2\map\North001\MazeIF02\MazeIF02.mdtZ","330","2019-03-29 14:45:14","D5C65818FD583934F4DB54033A3347D6CA8D850D9AA4AE39B5F15E69B444DA7F"
"Data2\map\North001\MazeIF02\MazeIF02.mmbZ","28965","2019-03-29 14:45:14","084A27C0ABC62A719A280BC3152102446E0171EC5E8CA97BC488B9A6E6D20B1D"
"Data2\map\North001\MazeIF03\MazeIF03.mbdZ","62109","2019-03-29 14:45:14","3E2E1E94785DD33153D72A0F746763DE4C819697DA86E56601210883EA70AC76"
"Data2\map\North001\MazeIF03\MazeIF03.mdlZ","7926","2019-03-29 14:45:14","5C264A16EC3BCCE34F7C7E885D0A4B6CD7D71D60C568105CE50E1EEB5476C2D5"
"Data2\map\North001\MazeIF03\MazeIF03.mdtZ","310","2019-03-29 14:45:14","29A848FBFAD7349FC8E6CB81440CAD70F9F7E67848CB335677A1CD77AFA18CD5"
"Data2\map\North001\MazeIF03\MazeIF03.mmbZ","8150","2019-03-29 14:45:14","9767B9B367D2F766DD4F2485863D8CE1227D20EBBA3D1A2DC611067B4E0E5A65"
"Data2\map\North001\MazeIF03\Treature.ROMZ","27070","2019-03-29 14:46:00","7C3D9EE6E88D6C73EC0DB4077FF688B27765B0AB0A520B0B5B007F5BB2A9A1AE"
"Data2\map\North001\MazeIF04\MazeIF04.mbdZ","66679","2019-03-29 14:45:14","E418DD54E43E8E6B0A13B2C247C4617E09C66CC6A6A1023BC5C0EDA4BB932ED7"
"Data2\map\North001\MazeIF04\MazeIF04.mdlZ","7247","2019-03-29 14:45:14","0F92DF7CF3B2358828D2B27D0E6B2BD8D2F711ABEC3BA0B9DFEDF740B9824964"
"Data2\map\North001\MazeIF04\MazeIF04.mdtZ","229","2019-03-29 14:45:14","336E5F56ABCE1FB9F99A4384CEE70369749587529968BC39D855727E4D709A0D"
"Data2\map\North001\MazeIF04\MazeIF04.mmbZ","7686","2019-03-29 14:45:14","065180C2C571B4D25BDA03E317F5A4A096BACCADB8CA2EE97F5D183DDB682B08"
"Data2\map\North001\MazeIF05\Flag01.ROMZ","24286","2019-03-29 14:45:32","1D30C457BE6053EAFFEFFD50CE24C8BB43A62ED7B1CC1801415475D6303CD4F0"
"Data2\map\North001\MazeIF05\mazeif05.mbd","180200","2025-12-20 23:56:20","AEE1E770CC267B82AEADD5ED5DB8341D88BF6DF601FCE0A8914281B0B6135D89"
"Data2\map\North001\MazeIF05\MazeIF05.mbdZ","26949","2019-03-29 14:45:14","FA827BD6CAB4E89C208F30ED7C18F753DCDC1B9CB29168F8FEDDBE58A71AE3DB"
"Data2\map\North001\MazeIF05\MazeIF05.mdlZ","4532","2019-03-29 14:45:14","F8C5FF7FA726768F2C1E66E7AFB5FD13CAB4B9E4136B7B8223F3296D0A3EC2B6"
"Data2\map\North001\MazeIF05\MazeIF05.mdtZ","228","2019-03-29 14:45:14","BB8B2C207FF7B69A6B111411E1C338E06B108786A7B0A0A4B44E7C89DB5031B7"
"Data2\map\North001\MazeIF05\MazeIF05.mmbZ","3511","2019-03-29 14:45:14","61EB4A9C9519BEE4BE0981180E63D2D245156CAF87D638734BABE6FE3E59415D"
"Data2\map\North001\MazeIF05\S_lady.ROMZ","391679","2019-03-29 14:45:52","DF81DD0E3B581CE197B2F85CAE1ED040F066037E1F42E77271F6E267C5E86AD1"
"Data2\map\North001\North001.can","1312","2019-03-29 14:45:12","DD16EA0CFA1BACC4FE48E2A173E33CE3FE2ED25C62C2CE4FD5D7DBA5D137CAE5"
"Data2\map\North001\north001.mbd","1875688","2020-06-10 11:50:54","1344C166AFD471E20E7703D092CDBEA5D8278E546F2B47372C50356FACE4CF5F"
"Data2\map\North001\North001.mbdZ","475149","2019-03-29 14:45:14","16D67C234246FFCCD21AF6B21BD3556767EAA00651B4B9C2BE8AE44B15EF8F90"
"Data2\map\North001\North001.mdlZ","46774","2019-03-29 14:45:14","8DDE627E8AF32E00DF805E11816F55D3DEA4DF29EA6BC200EC0340B3CAC80F90"
"Data2\map\North001\North001.mdtZ","759","2019-03-29 14:45:14","707FD2531957CBF86EA64BBCA2881C6CD6D7B7BB298260D0FDF0512297B9AA83"
"Data2\map\North001\North001.mmbZ","35626","2019-03-29 14:45:14","B6E514CA0614B56D48077BB1FC7FD7BE9937189C5C99AE3E698FE6C74D84582A"
"Data2\map\North001\Pirate01.ROMZ","179777","2019-03-29 14:45:44","81A3FC9FA685570B0054A16B9A3327FE21C8537E6712CB38B7106C1C16C5F750"
"Data2\map\North001\pla_a.ROMZ","37088","2019-03-29 14:45:44","6A4D5567D43AA3FDF93714983233972EE63A7229589FB23F56B8E3DBACCE4748"
"Data2\map\North001\pla_b.ROMZ","223513","2019-03-29 14:45:44","DC59A820E57157598744D2E419F2CE7523508861E36188C820295BE8FBCE3095"
"Data2\map\North001\pla_c.ROMZ","51516","2019-03-29 14:45:44","CF96C6C18416A012578C621DB5FA13913A3A25617A42B83844765F54666152B2"
"Data2\map\North001\pla_d.ROMZ","42659","2019-03-29 14:45:44","6691A5202C0F3709195DDD10ABBD44D01162C449B629B5E4E9C138E5BAB51164"
"Data2\map\North001\pla_e.ROMZ","145082","2019-03-29 14:45:44","C7AA2B126679DD44EB0F3300778C0805FE4FB835804A570607B996AB0D99F369"
"Data2\map\North001\pla_f.ROMZ","269145","2019-03-29 14:45:44","137EAD4C3C43C5C652540A8F8A02529144F879A9EFF40012C43D7444CEE1CA3F"
"Data2\map\North001\pla_g.ROMZ","166778","2019-03-29 14:45:44","616464B666B3C08A24084CB067D2BC883A3A9AE77026E84CE4FE538256B223C0"
"Data2\map\North001\pla_h.ROMZ","20192","2019-03-29 14:45:44","FDB43B380138E82FAE348E5B8D74624DBB698BD6F22E1A23C8A90F1046E0B897"
"Data2\map\North001\pla_i.ROMZ","100596","2019-03-29 14:45:44","87593BBD17E58E25A849C57246572B8E4C4F34A350955B8C2538BB7AF39BB1E9"
"Data2\map\North001\snowy.ROMZ","36059","2019-03-29 14:45:54","177A351C6DDB6C4AA369592F45339BDF440F253707F0FF3C3E287AC06884C3E3"
"Data2\map\North001\Stone01.ROMZ","33038","2019-03-29 14:45:58","3D055A5CDE62DBC15589B1919359A93CC6E1949CD1DFFC2B164F230523867FA4"
"Data2\map\North001\Temple01.ROMZ","136268","2019-03-29 14:45:58","C101DE41AFECE11BC0DEC4615459A1CCDD482DE00BB5AC72ED5DD0259A817EE4"
"Data2\map\North001\Ting01.ROMZ","67540","2019-03-29 14:45:58","3695D4ACA0072CBA212176DC184B206653E6FAFE7B01F9DA7F421F3B122A9AC0"
"Data2\map\North001\Tower01.ROMZ","432063","2019-03-29 14:45:58","41BD1F6FFC7EE67F8384B66D017786662169624F3DD9542F91A8DC8751BE2AEC"
"Data2\map\North001\WallI01.ROMZ","1514651","2019-03-29 14:46:00","7D4985E07D1BF3F6C43DB5952B985C63DB7FCBE62666AE3FADA7E49F7824340D"
"Data2\map\North001\WallI02.ROMZ","152713","2019-03-29 14:46:00","1CB79FA47F85B4E40C676FE41B780A043720247D7A7986D855EEFFD020097ED3"
"Data2\map\North002\amp.ROMZ","24397","2019-03-29 14:45:14","AAED2EB4C7AD7E9CD0700EACC52C2BDBC4FF3A5B5C3F8CCC8671F6F357FBC652"
"Data2\map\North002\Bri01.ROMZ","359824","2019-03-29 14:45:16","7AE5C68B0F079CCE5807155B8946F0B617D8AC407CF8611D09D96130AEF60F3B"
"Data2\map\North002\CaBase.ROMZ","32266","2019-03-29 14:45:16","01F57A21EAC33CAB8385D51C847B845A612F99070E140BEB7519B4BB38FB5366"
"Data2\map\North002\Canon.ROMZ","294129","2019-03-29 14:45:16","D46D1C4FAEC172E0BDE139D4401CE781551EFAB6892626A35950B058C33B4B82"
"Data2\map\North002\Cityjiu01\chiyou.ROMZ","41154","2019-03-29 14:45:16","53ECFE69447C987622299D555D3150057294E6142C5AEA453E4D9CCEB175ED25"
"Data2\map\North002\Cityjiu01\cityjiu01.mbd","293240","2019-04-08 16:12:56","0B0BCDA57112E20FF14FDB1370A437AC4D21A99EF6D28944BD98267717003C82"
"Data2\map\North002\Cityjiu01\Cityjiu01.mbdZ","71376","2019-03-29 14:45:14","D867A7C2800057063852C752BA814A505D615D3D2F78A7B4360F6754A57258A0"
"Data2\map\North002\Cityjiu01\Cityjiu01.mdlZ","10897","2019-03-29 14:45:14","CCE751416405BBE1F083F653B88F452300D8228664B18052C497B1056A497434"
"Data2\map\North002\Cityjiu01\Cityjiu01.mdtZ","712","2019-03-29 14:45:14","63182A8984148BAD290B57A34FB545827A476ABAB01B776C6D3CC96A7473C539"
"Data2\map\North002\Cityjiu01\Cityjiu01.mmbZ","5856","2019-03-29 14:45:14","336711B930C70FBE8C7605E74E1035D573C1963030F7BC66C955E28E283E2D60"
"Data2\map\North002\Cityjiu01\fruithou.ROMZ","420550","2019-03-29 14:45:32","F15AA1CD85F29BE5C60DAC3F247F04E4FAFEA948996CF118AF5C582339C8A766"
"Data2\map\North002\Cityjiu01\hoar.ROMZ","25857","2019-03-29 14:45:36","BDDB4BB342A278744E93125CEF38E56391197EDCF6482FC9B95DE4B54590E8EF"
"Data2\map\North002\Cityjiu01\toio.ROMZ","29297","2019-03-29 14:45:58","753EF908C674A84F7EF6E20BFB73B0D06FEFE16D99FE3C59D6FB270E8A1F9528"
"Data2\map\North002\Cityjiu01\tom_t.ROMZ","12297","2019-03-29 14:45:58","DB91504FF5522FF7EE74D2C57F455C0ED33655B1E5D6E944441A05C455879D8A"
"Data2\map\North002\Cityjiu01\useh_jiu.ROMZ","617474","2019-03-29 14:46:00","816514DA678253039493CD153737FC79E0A988CB9977D14EF775A3AE0C5BE94F"
"Data2\map\North002\Cityjiu02\cityjiu02.mbd","233188","2019-04-08 15:07:00","FB778D644244AAFB610B6FD79D9B3DA81E74E65B30D6BF412E93DC9B2ED2F393"
"Data2\map\North002\Cityjiu02\Cityjiu02.mbdZ","41760","2019-03-29 14:45:14","AF619D89CE16088BD454A3165D574BEB6202822D390E804C75363A9D763D4037"
"Data2\map\North002\Cityjiu02\Cityjiu02.mdlZ","8646","2019-03-29 14:45:14","27DAFF308F33AD9AAFD5B3A988386B19975CDBC2D5912E2013E7A8E7F1E53847"
"Data2\map\North002\Cityjiu02\Cityjiu02.mdtZ","377","2019-03-29 14:45:14","2DA47F12CCAAB91F2C0B8148D6CE754AF30BBDA5FE79BBBE44D1E5F38FCBBDB4"
"Data2\map\North002\Cityjiu02\Cityjiu02.mmbZ","4614","2019-03-29 14:45:14","825C41A472D3C6F84FA5A5D396BC9C96FCF8B8FADEB29D23C0EC77F3DAA8D853"
"Data2\map\North002\Cityjiu02\pla_st.ROMZ","80481","2019-03-29 14:45:44","593DF5D3BAC9198B373C644EBB1AF032CFE6C05C258E43643CD872301AC06717"
"Data2\map\North002\Cityjiu03\cityjiu03.mbd","134276","2020-01-11 14:45:08","237D5705E402894ABED21602B45E866A86CA7B2195441C55A78CEFBC9E3D6258"
"Data2\map\North002\Cityjiu03\Cityjiu03.mbdZ","34841","2019-03-29 14:45:14","0DA4767A26B471771531BE86096A2324967863BAAE58CB6371011F3825E57207"
"Data2\map\North002\Cityjiu03\Cityjiu03.mdlZ","5075","2019-03-29 14:45:14","40EE9DBFD0AC7D20111DBFECBCB387A0D7B018596E7B24D94B81B283B6E7D51C"
"Data2\map\North002\Cityjiu03\Cityjiu03.mdtZ","580","2019-03-29 14:45:14","D48C3FA5A581A8BD6E02641DB96255646D201E9A53B3915A9EB2D5F4E0D675F4"
"Data2\map\North002\Cityjiu03\Cityjiu03.mmbZ","3222","2019-03-29 14:45:14","ABC0545FDA3AD0B27A4507E6200162E4B7264BAF297559799835D5CDA7058666"
"Data2\map\North002\indoor\ju_ha_l.hmdZ","322","2019-03-29 14:45:12","66E3BA83D9085A256EA6F192CAD36C60374F0150C9252A74F68259EA22078A15"
"Data2\map\North002\indoor\ju_ha_l.ROMZ","146639","2019-03-29 14:45:38","1A017F2ECF6634929B4EFEDC352427E6581E28BC7318A295BC4DEF7F6E01DAB5"
"Data2\map\North002\indoor\ju_ha_r.hmdZ","331","2019-03-29 14:45:12","7733D0B665363B1898C3A1710A28A428EB2A9295819B62F6EC52C70F0F65E723"
"Data2\map\North002\indoor\ju_ha_r.ROMZ","146006","2019-03-29 14:45:38","9BF641B7006543BE11DA2301B92B0794B286F9F35424A5949D7B0072BD5766CF"
"Data2\map\North002\indoor\ju_hb_l.hmdZ","370","2019-03-29 14:45:12","8F3D1E6E73EFAFAEBD83017A3D93A160782E71E2DD1101E06BBB84414376AEA3"
"Data2\map\North002\indoor\ju_hb_l.ROMZ","112688","2019-03-29 14:45:38","38D020D0E0F3C04E4422EB30923B172F4D2708CC2F478B006B3C7671623E1BB6"
"Data2\map\North002\indoor\ju_hb_r.hmdZ","375","2019-03-29 14:45:12","5FE3DCD1F450935037A3928D8F6E838082933527839747FE91F7860BC5820195"
"Data2\map\North002\indoor\ju_hb_r.ROMZ","112629","2019-03-29 14:45:38","D7B61D819CEADB128AD051B1A9D7136E3714257513E2CDD8530AE2227F7F1263"
"Data2\map\North002\indoor\ju_ho.hmdZ","495","2019-03-29 14:45:12","33252B77FC134B2D84C799C198FE6604390A41D8CFB3174810140E79488A7F05"
"Data2\map\North002\indoor\ju_ho.ROMZ","156148","2019-03-29 14:45:38","8E8D6CAA678FBC72B1553092837417F4B935FD68CB5307A18E697BAFD5B59C90"
"Data2\map\North002\indoor\ma_ho_l.hmdZ","333","2019-03-29 14:45:12","A2992C103F5817879B2A07AA285587E929869E97621B2A0D5D09E1F52A2C47B0"
"Data2\map\North002\indoor\ma_ho_l.ROMZ","139498","2019-03-29 14:45:38","4B063D1696C7A7BF48A040D34B03C77B837AFA8DA56029BC850A44488C9D4E28"
"Data2\map\North002\indoor\ma_ho_r.hmdZ","335","2019-03-29 14:45:12","6C60FAC0865CF1BB0E7404C1F29C0F2AC938C25A7881191CB74F3BD3AF5F96F2"
"Data2\map\North002\indoor\ma_ho_r.ROMZ","138206","2019-03-29 14:45:38","412A1968A436A4F722911274A2B3A35C4FD040A471A9295B77316817914671D7"
"Data2\map\North002\indoor\T01IN.hmdZ","277","2019-03-29 14:45:12","95EDF0D246F02921B34A508DCAE027FE46C7E7EF2FDD3CD5ABCB16194203858D"
"Data2\map\North002\indoor\T01IN.ROMZ","153035","2019-03-29 14:45:58","E3DA772CB9BFCA73F654E2D8E4B4B900C21EC69F7033132D9E3B816FE66527D8"
"Data2\map\North002\IO_ju.ROMZ","380","2019-03-29 14:45:36","58CF21296FB069A1EEDDA685506871C1A7C5528C5459AA8D11BBEDB32766C52A"
"Data2\map\North002\LW01.ROMZ","943885","2019-03-29 14:45:38","22FC0F4AC12859B19BC1DCC91374D3D9D1CB9FCDEAF6F9C90F444A1D4FD48A3C"
"Data2\map\North002\M01.ROMZ","1021431","2019-03-29 14:45:38","5B316C56F4D179D4EFCDCA006ABFC850A415DA6E1C845260680B5FF173437EB2"
"Data2\map\North002\MAC01.ROMZ","277733","2019-03-29 14:45:38","17357D51CB90B280FC0F037C2CB677D024580E1E849D3122FD592FEB1F613BAB"
"Data2\map\North002\Mazejiu01\MA03.ROMZ","661140","2019-03-29 14:45:38","D98EE9B597ED585C000797AF0637EA317618BDAEB2A45F60EF8D78375FDA527C"
"Data2\map\North002\Mazejiu01\MA04.ROMZ","514494","2019-03-29 14:45:38","C07B7FD1D460A89C393B9CA2ECEFDD9EEBCEE105EB3D5BF2D4175628AA309CDD"
"Data2\map\North002\Mazejiu01\MA05.ROMZ","421320","2019-03-29 14:45:38","A8A71B0587BC1151EA30FBCFD5EB5E91F78E009391FCE8502669EF33E9F0A8CD"
"Data2\map\North002\Mazejiu01\mazejiu01.mbd","1151588","2022-09-23 10:52:48","10EDC18BE15B1A5116944CEC72B7AACF38A6D3DF9585E6069B6B01F361A97463"
"Data2\map\North002\Mazejiu01\Mazejiu01.mbdZ","198018","2019-03-29 14:45:14","9A5A8FCE3FE1D04EE2E9391B43154EF27D1C2309A0EB5707A8672E5112E959F8"
"Data2\map\North002\Mazejiu01\Mazejiu01.mdlZ","19947","2019-03-29 14:45:14","B05ADF19B78905145305D9E0741ED99C692D0C7C96963C21FDBA0059D8858BB5"
"Data2\map\North002\Mazejiu01\Mazejiu01.mdtZ","268","2019-03-29 14:45:14","3ADF6794332AEE109D818D040249E43753088D972B74CC92B8123ADCAA45A20E"
"Data2\map\North002\Mazejiu01\Mazejiu01.mmbZ","19386","2019-03-29 14:45:14","0A8A0037CEC6A4D0AB780F50DE8A8BC3D5DE7DE2A581BE3B444F2858EDD4E0A1"
"Data2\map\North002\Mazejiu01\no_g_m.ROMZ","294867","2019-03-29 14:45:40","307C752D0E05419DB11254E761A189E2B33E5D13114A8E5C0F2DFC193E43C001"
"Data2\map\North002\Mazejiu01\no_p_bl.ROMZ","1182","2019-03-29 14:45:40","2ACDDBA637D166D13F1A6D5ECA087DDA2B4DF8D3663BE24C1E72B29A524C6444"
"Data2\map\North002\Mazejiu01\TAM01.ROMZ","230066","2019-03-29 14:45:58","E57C1A430780D4DB79963EE6C18CB0B201A487E2A4EA82C8F24ED907F9CA8C1E"
"Data2\map\North002\Mazejiu01\TAM02.ROMZ","189954","2019-03-29 14:45:58","09D9D00A69BAD87364BEB503423E08F086202C50F2EFE20FB78052995874D6ED"
"Data2\map\North002\Mazejiu02\MA01.ROMZ","377175","2019-03-29 14:45:38","390B8B9A1F7A3102181E261F267F30182C4D50BB8FE3C785F220F0AC4752371D"
"Data2\map\North002\Mazejiu02\MA02.ROMZ","170129","2019-03-29 14:45:38","8CFE66C9BD7959EC3A130BFDD3D4A926010365DBE8BA0526B4A7D7361D96DB0D"
"Data2\map\North002\Mazejiu02\mazejiu02.mbd","604088","2020-01-21 18:28:36","40DF797C93796E50FD5D35A7D8E50F5BAA2859AA626B07540D9B037DD7B9EE34"
"Data2\map\North002\Mazejiu02\Mazejiu02.mbdZ","91614","2019-03-29 14:45:14","C15CAD82711C85C175AD57853638FF6E927FDD6CBE251F2FDF11B1B81914C966"
"Data2\map\North002\Mazejiu02\Mazejiu02.mdlZ","8354","2019-03-29 14:45:14","D2684A33C60F72B5D91B2A19216B419EAB4CB7C287801C60B96D19D9924CEE07"
"Data2\map\North002\Mazejiu02\Mazejiu02.mdtZ","281","2019-03-29 14:45:14","AAF289D7147B0EA4CE220EA438BDEBF882EC9FDCE3D918D9CFDED3F3736FEDCE"
"Data2\map\North002\Mazejiu02\Mazejiu02.mmbZ","10546","2019-03-29 14:45:14","F2CE4AF5B53A4F234B8F2A17DB00C768312B7BE9E2EBB4DCCD021953590E9003"
"Data2\map\North002\Mazejiu02\no_g_b1.ROMZ","53445","2019-03-29 14:45:40","2700C2F2D1D7396C8A658E6417210FEDDAF1A1BE958075503BAE4A5B81D067F0"
"Data2\map\North002\Mazejiu02\no_g_e3.ROMZ","61983","2019-03-29 14:45:40","39BE7D2130A05847C5BC4ED06268522A33F90A6BCF6DE13C8F479F8762DD692F"
"Data2\map\North002\Mazejiu03\MA06.ROMZ","338020","2019-03-29 14:45:38","093C164792B7581E6E1943D7C8DE515522B8CEE182655731076A0E75E9DBDE8C"
"Data2\map\North002\Mazejiu03\mazejiu03.mbd","293240","2020-01-22 11:04:46","F96172FD27B57D1E60E2FBCB1CA258C9AA9104CBF15D68EB2031C1F95D8C6EA5"
"Data2\map\North002\Mazejiu03\Mazejiu03.mbdZ","57256","2019-03-29 14:45:14","AC1E14AB09F7E389722C3D0FE6C6797364F6F4EACFA457C652406954E2EB75B2"
"Data2\map\North002\Mazejiu03\Mazejiu03.mdlZ","3353","2019-03-29 14:45:14","34ED1AB4371D66E8AAD2C188156DAB905F10AA27C0F68E606CEB52EB3500F75E"
"Data2\map\North002\Mazejiu03\Mazejiu03.mdtZ","289","2019-03-29 14:45:14","1D885B7E2F18E64E2E640A343FA5F948D910DE3846DE4EF320F6BF50490BA6D5"
"Data2\map\North002\Mazejiu03\Mazejiu03.mmbZ","5874","2019-03-29 14:45:14","BC284935AD713997C1E71DA26D2B6F5EFBC0EBCBA0CA06BAC3A83B5827A06007"
"Data2\map\North002\no_g_b.ROMZ","293338","2019-03-29 14:45:40","38047FBDB63342AFC1DEC9D826C091A00E216FB0FE58F6D97B2F71720DFCA890"
"Data2\map\North002\no_g_be.ROMZ","347994","2019-03-29 14:45:40","0C142967B28664A5FBA0F8D2BB3044424B69699087F21A9AB98A964EEB7165BD"
"Data2\map\North002\no_g_bg.ROMZ","371356","2019-03-29 14:45:40","70F437F5502332BA1D22F60810F06190E06DD6DA94578F10DDC0EC7A4A503EED"
"Data2\map\North002\no_g_e.ROMZ","519265","2019-03-29 14:45:40","31E9ABD81E681A45D43F62464744DFA0AC1D2ADD5B572620D47C0364580B714F"
"Data2\map\North002\no_g_ep.ROMZ","163417","2019-03-29 14:45:40","418FE3BA7B062E26A682E5CCCB51682E6584E9663C5832144A40C3B2C8C86036"
"Data2\map\North002\no_g_f.ROMZ","241809","2019-03-29 14:45:40","9E54908F4DACD3DEB00C037E3C7B0A2102B93B7761B77A4A93925C7B79A19469"
"Data2\map\North002\no_g_fb.ROMZ","620282","2019-03-29 14:45:40","EB2E5AC25EF8211866573FCC9E85D04193DCC0036017EEE4124F773465F99067"
"Data2\map\North002\no_g_fe.ROMZ","309094","2019-03-29 14:45:40","F9EBA971BC5230B1AAEF42CCD59F153C318E3E5A3A97D96B3DE059FD51B18A48"
"Data2\map\North002\no_g_g.ROMZ","363930","2019-03-29 14:45:40","0023B28703ECFBB4DADE7F63B8E16DB2893EB80494886893482D24222FD82C31"
"Data2\map\North002\no_g_g34.ROMZ","364521","2019-03-29 14:45:40","BB50E7CF95970CF6163B8F1FEE7A023832632FE2C58721AE49F5BFEDA2AC1556"
"Data2\map\North002\no_g_ge.ROMZ","405616","2019-03-29 14:45:40","02C45EA1CC9D51896F69A4F11EC0F1DE64498E1400AD6E3A69B21360AED2C16F"
"Data2\map\North002\no_g_p.ROMZ","313412","2019-03-29 14:45:40","65F998D952403C88BE0B94C57251E0CF3ADC30B7C258C5551058FED58F8DE5DF"
"Data2\map\North002\no_g_pp.ROMZ","196358","2019-03-29 14:45:40","E20D6C20F41998A34639654C5ABC8AA183C1F2833BEF4F19B172F7124C619FDA"
"Data2\map\North002\no_g_w.ROMZ","121917","2019-03-29 14:45:40","C031EC2FE756606E5BB887CD72A341478D9989075494C25DB17B7BF1E7ABFBE6"
"Data2\map\North002\North002.can","1076","2019-03-29 14:45:12","3BFB2FB81201148E9FD43F367311525EA655CF741DFD68CBCB0B4E700223E105"
"Data2\map\North002\north002.mbd","1875688","2019-04-12 13:30:22","5B898B08D5AB12A6E97D8AB4DD5BD03D1CDC1CD47F5DD74C07B6C78CBE71A282"
"Data2\map\North002\North002.mbdZ","485124","2019-03-29 14:45:14","508CDF43F4669CCE3CF29A91F97B0B43686AC660A80ABD6E447FC7129F880C13"
"Data2\map\North002\North002.mdlZ","43811","2019-03-29 14:45:14","45093050CF177242F5368E208179B6CABED873026F7D5A6E4007D8D3E953E256"
"Data2\map\North002\North002.mdtZ","1073","2019-03-29 14:45:14","6B871AD5ECA2FD89B4CE10C8CFF5144925B8C56958BE28886D64FB904E25E39C"
"Data2\map\North002\North002.mmbZ","36036","2019-03-29 14:45:14","BCCDF479A8D06B29260641C246309E0A7BBCFF5AD36F8000BBE7C395EEEF07E1"
"Data2\map\North002\pla_au.ROMZ","79423","2019-03-29 14:45:44","C91AABB5ADE9D5778ECFD167F8A6D26CEC0EEF4C54F71BE3DB07809D1344BF04"
"Data2\map\North002\pla_bam.ROMZ","106155","2019-03-29 14:45:44","92B5C45BFA796677015764C41A0E44A45201D2C343F75989A2AF156E3D648FBD"
"Data2\map\North002\pla_ce.ROMZ","72802","2019-03-29 14:45:44","9C11FE42825245EED2D7EB3128B6006D0D6E905C740812FA03EB29EF838950DD"
"Data2\map\North002\pla_fa.ROMZ","71166","2019-03-29 14:45:44","C7BA5330A259635BB78E317DF1DA933976793D485897CFE742342F34B33F3287"
"Data2\map\North002\pla_fb.ROMZ","101450","2019-03-29 14:45:44","11CF49FEAEC332FF06C30C6157FE35E9B9FC622F7226196675011C7238B21760"
"Data2\map\North002\pla_fc.ROMZ","88663","2019-03-29 14:45:44","9953F8A73352013E94D964BDDFFB277EEABA66A0CA0CBDA18EF3487A0E7BB2E3"
"Data2\map\North002\pla_g.ROMZ","166778","2019-03-29 14:45:44","616464B666B3C08A24084CB067D2BC883A3A9AE77026E84CE4FE538256B223C0"
"Data2\map\North002\pla_pe.ROMZ","41508","2019-03-29 14:45:44","A776968F80CC3E762BE5BC3F8964FEDDED5EACBBA56E37FBA9C08BF66258DC24"
"Data2\map\North002\Stone01.ROMZ","33038","2019-03-29 14:45:58","3D055A5CDE62DBC15589B1919359A93CC6E1949CD1DFFC2B164F230523867FA4"
"Data2\map\North002\stories.ROMZ","98563","2019-03-29 14:45:58","16F88DE4214B6B6E0043B5BCB17AC0831EF8670817002F568D74F1BE16AA2491"
"Data2\map\North002\Temple01.ROMZ","162464","2019-03-29 14:45:58","A4F6FE66C14946884AA745DCFEC8ECB69928C979E3E4DA56483E6385D7C21212"
"Data2\map\North002\W01.ROMZ","143613","2019-03-29 14:46:00","CCC815A15805B73C3C6F0C012B8C296179711C8F17C4E14125FFF1D826B60C96"
"Data2\map\North002\WallI01.ROMZ","1514651","2019-03-29 14:46:00","7D4985E07D1BF3F6C43DB5952B985C63DB7FCBE62666AE3FADA7E49F7824340D"
"Data2\map\North003\1115.ROMZ","10639","2019-03-29 14:45:14","2BACD808B79C736BA175C8594901877B58F89DD5793E74AA453E01630DC38218"
"Data2\map\North003\BS01.ROMZ","813672","2019-03-29 14:45:16","789E2C9418D92297927C6971EB9842C66768A73A7FD63319C234316F8FC747A5"
"Data2\map\North003\Cityjiu04\cityjiu04.mbd","434536","2020-07-10 10:02:54","592900BB5FE0EBC2B9B2A8046463AD112B0C9C9612E50D73D0B24FF9CA82035F"
"Data2\map\North003\Cityjiu04\Cityjiu04.mbdZ","118013","2019-03-29 14:45:14","5365DAAE0A6F3C9A91B3174B9EE565CEA659C3DC966D09FBD87FF024F616D090"
"Data2\map\North003\Cityjiu04\Cityjiu04.mdlZ","12696","2019-03-29 14:45:14","067C9208EC4D8EFE46523B3CB3213B9A73BCF87ED24C5EC11191811A5B0C38EC"
"Data2\map\North003\Cityjiu04\Cityjiu04.mdtZ","750","2019-03-29 14:45:14","02829220AB06CE5BF9DE9C578B6C0A3EEA30A5542EB0B71551581AC930B9CEFD"
"Data2\map\North003\Cityjiu04\Cityjiu04.mmbZ","8935","2019-03-29 14:45:14","D0ADAF78EDF4B7E02005F9AD66EE897064D5D8C5B8DA35E28984B50C2239EEC7"
"Data2\map\North003\Cityjiu05\cityjiu05.mbd","134276","2023-03-28 15:45:04","2CC14ECE5511A967C54D808C6CAD7E2B3694B753F11A9F449E255706B9509920"
"Data2\map\North003\Cityjiu05\Cityjiu05.mbdZ","32256","2019-03-29 14:45:14","12E7D8C30EA4307AA76AEA4BAF7077EB28AE395E8306D667F20DB02AF687D338"
"Data2\map\North003\Cityjiu05\Cityjiu05.mdlZ","5839","2019-03-29 14:45:14","ECEA4D469A263007FB237149D0CDF1FD70775130BF5818B235669FDA88487B7F"
"Data2\map\North003\Cityjiu05\Cityjiu05.mdtZ","754","2019-03-29 14:45:14","BB91A416A2EBF9E1D3F54D940173F88C24489D39D2CC81D2E471FD42A9F662EB"
"Data2\map\North003\Cityjiu05\Cityjiu05.mmbZ","3170","2019-03-29 14:45:14","144609E87CD8F4EFEB70AF05B95C7415064AAF8F2C4FA69A5C515EF0497B1E86"
"Data2\map\North003\indoor\ju_ha_l.hmdZ","322","2019-03-29 14:45:12","66E3BA83D9085A256EA6F192CAD36C60374F0150C9252A74F68259EA22078A15"
"Data2\map\North003\indoor\ju_ha_l.ROMZ","146639","2019-03-29 14:45:38","1A017F2ECF6634929B4EFEDC352427E6581E28BC7318A295BC4DEF7F6E01DAB5"
"Data2\map\North003\indoor\ju_ha_r.hmdZ","331","2019-03-29 14:45:12","7733D0B665363B1898C3A1710A28A428EB2A9295819B62F6EC52C70F0F65E723"
"Data2\map\North003\indoor\ju_ha_r.ROMZ","146006","2019-03-29 14:45:38","9BF641B7006543BE11DA2301B92B0794B286F9F35424A5949D7B0072BD5766CF"
"Data2\map\North003\indoor\ju_hb_l.hmdZ","370","2019-03-29 14:45:12","8F3D1E6E73EFAFAEBD83017A3D93A160782E71E2DD1101E06BBB84414376AEA3"
"Data2\map\North003\indoor\ju_hb_l.ROMZ","112688","2019-03-29 14:45:38","38D020D0E0F3C04E4422EB30923B172F4D2708CC2F478B006B3C7671623E1BB6"
"Data2\map\North003\indoor\ju_hb_r.hmdZ","375","2019-03-29 14:45:12","5FE3DCD1F450935037A3928D8F6E838082933527839747FE91F7860BC5820195"
"Data2\map\North003\indoor\ju_hb_r.ROMZ","112629","2019-03-29 14:45:38","D7B61D819CEADB128AD051B1A9D7136E3714257513E2CDD8530AE2227F7F1263"
"Data2\map\North003\indoor\ju_ho.hmdZ","493","2019-03-29 14:45:12","D4F3EBD77AB724CDBCA335B8AB97427B7E88E40F349E30C6E3D6C1F487A862C7"
"Data2\map\North003\indoor\ju_ho.ROMZ","156148","2019-03-29 14:45:38","8E8D6CAA678FBC72B1553092837417F4B935FD68CB5307A18E697BAFD5B59C90"
"Data2\map\North003\indoor\ma_ho_l.hmdZ","327","2019-03-29 14:45:12","823396223E12305901DAAF867C9120B8FF7973794C5E75F0E35C9D202B27E774"
"Data2\map\North003\indoor\ma_ho_l.ROMZ","139498","2019-03-29 14:45:38","4B063D1696C7A7BF48A040D34B03C77B837AFA8DA56029BC850A44488C9D4E28"
"Data2\map\North003\indoor\T01IN.hmdZ","277","2019-03-29 14:45:12","95EDF0D246F02921B34A508DCAE027FE46C7E7EF2FDD3CD5ABCB16194203858D"
"Data2\map\North003\indoor\T01IN.ROMZ","153035","2019-03-29 14:45:58","E3DA772CB9BFCA73F654E2D8E4B4B900C21EC69F7033132D9E3B816FE66527D8"
"Data2\map\North003\LongGi.ROMZ","9426","2019-03-29 14:45:38","150DD80D62D53CE7B87FFDC8991CECDF721CD0478E57B3BA5EC0118527388633"
"Data2\map\North003\M02.ROMZ","924165","2019-03-29 14:45:38","183BE4573CB6DAC37A47FD27F64EE831945A935A458517B2A9BC478950B953BC"
"Data2\map\North003\Mazejiu04\MA07.ROMZ","634135","2019-03-29 14:45:38","C95F52E249ED85E2C4910A410432C31B1E9F4A2224C514FCE68ECB5E9BDAF1DE"
"Data2\map\North003\Mazejiu04\mazejiu04.mbd","1660228","2022-11-22 15:44:42","696F917AE4F9E1DDF79CC1E7C4E3867131C9801DF48FB5A76C692AAB9C8DB2CE"
"Data2\map\North003\Mazejiu04\Mazejiu04.mbdZ","357606","2019-03-29 14:45:14","0ED638826238B8826CB182027F78E7568097C0C84905C7FD7FADDF62939399FD"
"Data2\map\North003\Mazejiu04\Mazejiu04.mdlZ","27295","2019-03-29 14:45:14","FDD3A04EC1B1F13A8454AA045F07E9B0DA538DDC151F0325E87EA5CC21503D79"
"Data2\map\North003\Mazejiu04\Mazejiu04.mdtZ","304","2019-03-29 14:45:14","7E4A922B72E6F9936D762E40544A97E2AA95A86709B292398DADA8B361F13A8F"
"Data2\map\North003\Mazejiu04\Mazejiu04.mmbZ","28961","2019-03-29 14:45:14","9B6524CC789707F6D6AFAC2657435E594F2A7E5397694A46F856C52B37CAF1FA"
"Data2\map\North003\Mazejiu05\jiu_sta.ROMZ","357566","2019-03-29 14:45:38","209A2AC98EA90915ABF465C2F60EC3477B0CE45D7370BDC0FA3A4B37EC6F7694"
"Data2\map\North003\Mazejiu05\MA08.ROMZ","285889","2019-03-29 14:45:38","F82C65086B1702F276D3AAEEEFADE0F355C62AE90CC085C6712F1954999B080C"
"Data2\map\North003\Mazejiu05\mazejiu05.mbd","547576","2025-11-10 13:17:29","6521D2C73C4E9F2C2E212DB7C2CE906E04A374252485AF227A314153B011A801"
"Data2\map\North003\Mazejiu05\Mazejiu05.mbdZ","86173","2019-03-29 14:45:14","4B5B035802F52CD1DFCE0FD8F2B63D8A3F5CB74B33E5E2C2EEE9B4B891027592"
"Data2\map\North003\Mazejiu05\Mazejiu05.mdlZ","3555","2019-03-29 14:45:14","E38AD813511900FA6A0C4A38701B08233AE648C0237A95AEA9828663D84EE3E2"
"Data2\map\North003\Mazejiu05\Mazejiu05.mdtZ","301","2019-03-29 14:45:14","82B5A08F293C2A7C3A9E600F2B670ABEB23DF573A261E566860CAED527344E74"
"Data2\map\North003\Mazejiu05\Mazejiu05.mmbZ","9965","2019-03-29 14:45:14","F64F3242DABBB2E25C03B794B5FED8E66722EAB8537A8DCA87D49DD1FD940BF4"
"Data2\map\North003\Mazejiu06\MA06.ROMZ","338020","2019-03-29 14:45:38","093C164792B7581E6E1943D7C8DE515522B8CEE182655731076A0E75E9DBDE8C"
"Data2\map\North003\Mazejiu06\mazejiu06.mbd","180200","2026-03-04 23:44:23","18BEBE69BD95E0418C99DEFAA65827BD6FC9CD1B90818A8A2C9D050B70048C15"
"Data2\map\North003\Mazejiu06\Mazejiu06.mbdZ","32504","2019-03-29 14:45:14","365F42977A8DB637C92EB1D42538CD87C5F5BD45710A85CC3B01F85E905EF17D"
"Data2\map\North003\Mazejiu06\Mazejiu06.mdlZ","2343","2019-03-29 14:45:14","611CE363EA3F78FEDEDD10E6A51383701E66E90EEE0BDC5E1DFE3745557169BB"
"Data2\map\North003\Mazejiu06\Mazejiu06.mdtZ","299","2019-03-29 14:45:14","73D4832C2D1EFA30F676DEAFD09338FC424C5B0F194C483DA650C3A2D3D44C02"
"Data2\map\North003\Mazejiu06\Mazejiu06.mmbZ","3720","2019-03-29 14:45:14","ACCB939D284730EBCACF272F71D9BF32FBAEE91D815BC85E41E3D34E44F31028"
"Data2\map\North003\no_g_bs.ROMZ","129313","2019-03-29 14:45:40","BCF1F70D533236E1D8A03E794998A3A741A7CF70A2F1772AAC2AB60DAD386E69"
"Data2\map\North003\no_g_ge.ROMZ","411494","2019-03-29 14:45:40","9BECA2D6159902DB45B599562519A89C38B9B02904B5948DF625EC7A5C4A1D29"
"Data2\map\North003\no_g_s.ROMZ","42857","2019-03-29 14:45:40","16BF14954A9ABA8D70A3860331B9460079D4474939144505A5BB0A57793106E7"
"Data2\map\North003\no_g_se.ROMZ","145250","2019-03-29 14:45:40","F558BE14829780D3AE70E860B9ECF0674A6D051254B2B66BD73731D41A21D4A5"
"Data2\map\North003\North003.can","946","2019-03-29 14:45:12","3C026EC7237D35A34AB64862D761CE405DA4E2E9D6F486268B02B780C68CE970"
"Data2\map\North003\north003.mbd","1879216","2020-07-10 10:04:06","040935617CCB14C2B481656D32DB6B9DD437CE4A90E87D071618A447DA24AE96"
"Data2\map\North003\North003.mbdZ","473656","2019-03-29 14:45:14","D67EF234A38F9369EB7BB53DBD19FA5938EDEE1C5347DC3DA72144E8B607DA87"
"Data2\map\North003\North003.mdlZ","44163","2019-03-29 14:45:14","CC54553D8B4D22857AE4DEB99273A34F12DAFC530E93AC821F970E28CCC4DE8B"
"Data2\map\North003\North003.mdtZ","1020","2019-03-29 14:45:14","DD4AA86D758265D0B29D913E062D840B0C6152655C91D1D5124BE5E0FF8EE5C1"
"Data2\map\North003\North003.mmbZ","35343","2019-03-29 14:45:14","98D776B5AD72A5AEEC53EC1A1F008883A2390E81F72FE2EF1718A3391FA98F06"
"Data2\map\North003\pla_ca.ROMZ","175296","2019-03-29 14:45:44","B24B2844A5B6E9D66C52F96824E6064D7EDF0E24B144EBCD881F9755DEBE6491"
"Data2\map\North003\pla_cr.ROMZ","110619","2019-03-29 14:45:44","C410AD0820B162592E575F8BC6FA47A47AC8528A3500BF945067B17FD4DDE98F"
"Data2\map\North003\pla_st.ROMZ","80481","2019-03-29 14:45:44","593DF5D3BAC9198B373C644EBB1AF032CFE6C05C258E43643CD872301AC06717"
"Data2\map\North003\rain.ROMZ","200415","2019-03-29 14:45:52","3DB3ED7C778278EC905951944B9A553186F18282EC5C07D4C4D66C0F518B59AB"
"Data2\map\North003\Temple01.ROMZ","196998","2019-03-29 14:45:58","4A748C1AE798A34C367277D6DE46A6836A8A7A63F261F02801E5F0F0EA9CB704"
"Data2\map\North003\W02.ROMZ","212893","2019-03-29 14:46:00","B23AFD0039C6396671DDFEB0020AF95270A1519EC591D344711D2E3EE98E7BC9"
"Data2\map\north004\citywei01\Basic.ROMZ","624643","2019-03-29 14:45:16","F54958E650518A5510B8F991E5CDB773835953A4D06FEB14E33FE3A1AD5078CA"
"Data2\map\north004\citywei01\Bid.ROMZ","116635","2019-03-29 14:45:16","6C90C588013FC275EFBBBFDC4E81583AF3AE0DC405A1A9EAB2C9EA9D2EC44733"
"Data2\map\north004\citywei01\Book.ROMZ","179231","2019-03-29 14:45:16","0A5F466F4FFD8AEC9B6D65442D5E8CAB3C47B588955B2EA0B1BCCB05E34B06BF"
"Data2\map\north004\citywei01\CAGE01.ROMZ","1287510","2019-03-29 14:45:16","2A18CA945B65F4478F6E742EBE29B8534ABFAECC92061719A723A3E4E95A7756"
"Data2\map\north004\citywei01\CaveW.ROMZ","610617","2019-03-29 14:45:16","273416308E3D441BDBB72596977F0CC14F05195F148487F7831703F93B26A0E6"
"Data2\map\north004\citywei01\citywei01.mbd","604088","2022-11-02 17:22:32","C57382FD36435EF88E3E4FBBA67ED03B72CAE70FA915516B3AD4CB75EDFED7FD"
"Data2\map\north004\citywei01\Citywei01.mbdZ","121550","2019-03-29 14:45:14","8A54A0EBBC41B4E441E023970E7C1FBC6724140FC1FE2D6CF344688D44EE0CF1"
"Data2\map\north004\citywei01\Citywei01.mdlZ","12758","2019-03-29 14:45:14","3142771935CEEEE42C2C32BA4B186979B9FE25085E218DBF57C27F716DF7CF9B"
"Data2\map\north004\citywei01\Citywei01.mdtZ","742","2019-03-29 14:45:14","D72BA90B33E44D1A97D8C3F52AEBEDB6AAF1B7248F686DA1B749C06B61C5E47B"
"Data2\map\north004\citywei01\Citywei01.mmbZ","11041","2019-03-29 14:45:14","0C08C8579B7667F724C263867089220EEFB5C97B46BEA470421581ED10E3C304"
"Data2\map\north004\citywei01\DagiIn.ROMZ","231143","2019-03-29 14:45:16","D030D09EAB7B6266B9A4C4FF67D6BB6E5E9AA2A633775F0CAB8E17D7AF871AB8"
"Data2\map\north004\citywei01\DFIO.ROMZ","56019","2019-03-29 14:45:16","744657611227FB5009AE249799628B93EE8D1130046742FC7768948DF77926AB"
"Data2\map\north004\citywei01\General.ROMZ","129161","2019-03-29 14:45:32","F23A0CF49C99C4232D8DFDE40D3C4D7C97C1B4B265B266CE064391E8BE8FFF3F"
"Data2\map\north004\citywei01\Med.ROMZ","171066","2019-03-29 14:45:40","950487E2A9B8510639A04E1C06FCA6675215001520046192653F7AE9CD1147DF"
"Data2\map\north004\citywei01\no_w_te.ROMZ","336895","2019-03-29 14:45:40","FB5A7B7DD9268221A0046B9E4211184D23E7BFA6D58049D476CE63A0023EBF8B"
"Data2\map\north004\citywei01\no_w_ts.ROMZ","125184","2019-03-29 14:45:40","5065D8D3F042DAF9CF8FCF574C680DC0F5FDFC9613E7E05226E4DA3E9166BAE4"
"Data2\map\north004\citywei01\no_w_tse.ROMZ","175440","2019-03-29 14:45:40","37616291D527D37163F2E0073829A3881EA680E21AC2486DA88C98BA720CF617"
"Data2\map\north004\citywei01\no_w_tsn.ROMZ","208516","2019-03-29 14:45:40","EDEA7347A490F015841F18B8552CBAEB04C7C7FFF226AA425E5CAB489EA3C384"
"Data2\map\north004\citywei01\Stair.ROMZ","145746","2019-03-29 14:45:58","1E24FC562F6354E2560FFD2B3E9EAC3B7EEDF67C0FF7632CD7FDF961BE08D2A3"
"Data2\map\north004\citywei01\Synth.ROMZ","142650","2019-03-29 14:45:58","C5BE80824AEF10D0D63A6D69D9B9C8AD54F09FE36174B58561DDA000F95E4AA5"
"Data2\map\north004\citywei01\Treature.ROMZ","402427","2019-03-29 14:46:00","EAA41A8B3F06EDC994A5A28A4ABFBBCB02E1225CB69AE2E2DCF2189762B8A258"
"Data2\map\north004\citywei01\WeaL.ROMZ","103071","2019-03-29 14:46:00","42CB8B9E2D87281E16BF6ED3D927EA610AD494C39476FFB07695F8FE21E51C5E"
"Data2\map\north004\citywei02\citywei02.mbd","233188","2026-01-18 21:27:12","ED560C7650D0D0C1A9F60EDF6323D296DAD3A02E6EC1A96DB72397FA827044B5"
"Data2\map\north004\citywei02\Citywei02.mbdZ","41894","2019-03-29 14:45:14","73D25D3562E24705BBCE8F722D0420C6E3FED1B3D223A29F26276783217C20EC"
"Data2\map\north004\citywei02\Citywei02.mdlZ","5010","2019-03-29 14:45:14","31C03503C0144A3C5F4DEEDD9D72373EDA50A920941BFB922486E776ED70C14E"
"Data2\map\north004\citywei02\Citywei02.mdtZ","389","2019-03-29 14:45:14","8E97C973F54B35BF527C5AF2CACB757F2AD2312C9E6FFFF36FE5F5795749AF49"
"Data2\map\north004\citywei02\Citywei02.mmbZ","4693","2019-03-29 14:45:14","92B3FC72E9BA5CF90D692D811A5E0634240DE23982395C0D88CC93796F27925B"
"Data2\map\north004\citywei02\SIC01.ROMZ","260000","2019-03-29 14:45:54","21F45649CC6B17D716D5BA20E53D0FF78C0F0EF4CE1FB76939F4B7AE3BA5C75A"
"Data2\map\north004\citywei02\WeaS.ROMZ","96140","2019-03-29 14:46:00","1D10C49C3B11B80D9A242B1F4F799F67969DB72CF16B8AE320E39C8324929060"
"Data2\map\north004\citywei03\citywei03.mbd","233188","2025-11-24 22:49:46","BDE2291119E53E223AD6FC14D245D8ADA28394347AF17447B4BCFBAF1B296796"
"Data2\map\north004\citywei03\Citywei03.mbdZ","40065","2019-03-29 14:45:14","4B54D02E3B9B61035A671B8A035AEBCA4B334E826B649879BE29E01A935DCDDC"
"Data2\map\north004\citywei03\Citywei03.mdlZ","5070","2019-03-29 14:45:14","DDE055406A8B9684F4B675AD33507BFE79E68753D73EAEA1FF6B5E0FC3691B4E"
"Data2\map\north004\citywei03\Citywei03.mdtZ","389","2019-03-29 14:45:14","8E97C973F54B35BF527C5AF2CACB757F2AD2312C9E6FFFF36FE5F5795749AF49"
"Data2\map\north004\citywei03\Citywei03.mmbZ","4657","2019-03-29 14:45:14","F722A8E9146FD276329C22D00FE70D4DCB8551F9059B2B2DCC0BA1DC16A1AC95"
"Data2\map\north004\FIX01.ROMZ","4267","2019-03-29 14:45:32","2415C2FB8CB1DAAECF0E778498507F8A38C63FC95279D5C56D3B5DC522494C7E"
"Data2\map\north004\Flag.ROMZ","23878","2019-03-29 14:45:32","7DF8E4345A27B1E17D138C226BCFE2E0BD9ACB0D739148D278C6401C57B0E881"
"Data2\map\north004\Hotel.ROMZ","104380","2019-03-29 14:45:36","DA1A049BA81C7551C190A2B57A69B63161C258D3C259DCC87E3C9BE917EDECD2"
"Data2\map\north004\indoor\HouLL.hmdZ","738","2019-03-29 14:45:12","7EDB1BAB8138BCCB4A134C64B4CE253E6BE3C6A525EA0307381054C4A1B0D1FB"
"Data2\map\north004\indoor\HouLL.ROMZ","168182","2019-03-29 14:45:36","18D5FB1A988033585D1314C8D52D053C88FFB46A15F3677BEEEB313A218D1054"
"Data2\map\north004\indoor\HouLR.hmdZ","741","2019-03-29 14:45:12","B3B4D56722D8B62F025B2DFB100E5002D6125AF47B0A3F0744CDFDA2AFCD0195"
"Data2\map\north004\indoor\HouLR.ROMZ","168396","2019-03-29 14:45:36","2F62E77009D97111FCE58019B24E007616289809FA455939DBC5CB17E9897B08"
"Data2\map\north004\indoor\HouML.hmdZ","350","2019-03-29 14:45:12","A6F1EDCCC302464A009A48F27E87815C31E0D207F9AE97FA7C96A1F1C5E4B73C"
"Data2\map\north004\indoor\HouML.ROMZ","121021","2019-03-29 14:45:36","D56A89FEF464C877C7A2A23137D4FC4294EE93820B4A9FC2D9F46FB024C684B9"
"Data2\map\north004\indoor\HouMR.hmdZ","355","2019-03-29 14:45:12","2D73918E714917214A17BA56491809F8A092A9C68491F0A272842E66A7544200"
"Data2\map\north004\indoor\HouMR.ROMZ","121127","2019-03-29 14:45:36","7864EBA1AFC7896F10C0DE6EAA526784280F3551E2823B8963E30E9F8C9C8274"
"Data2\map\north004\indoor\HouSL.hmdZ","305","2019-03-29 14:45:12","810314FFC7CBB3DFAA6B2308509D6024E547282A73F472AE5608F4BC3B10C448"
"Data2\map\north004\indoor\HouSL.ROMZ","93088","2019-03-29 14:45:36","8D88A38AE52991621D19874645F92AE736BF9DA64931C59A65B4C00FD9BB7EE4"
"Data2\map\north004\indoor\HouSR.hmdZ","304","2019-03-29 14:45:12","C29967030C841ACAD274F1342AB30D51C7622D57527F75FD3BE4F7B5EB272418"
"Data2\map\north004\indoor\HouSR.ROMZ","93101","2019-03-29 14:45:36","7464313A9CD8617BCD304A70635520400C6B57D7311EADD96D8C447AA155684A"
"Data2\map\north004\indoor\MedO.hmdZ","254","2019-03-29 14:45:12","C93C4545D5930806F59145176AC2C5F9B4A1EF23685ADC7A5B9DEC72DEAFE0EE"
"Data2\map\north004\indoor\MedO.ROMZ","95483","2019-03-29 14:45:40","A35E6042B4859B0E82F9A2D9A28967C936BDD01D24BCA3FBC7F0C2CC1140435B"
"Data2\map\north004\indoor\T01IN.hmdZ","281","2019-03-29 14:45:12","D0913134E5BD0CBCB2BD317B6FE860C591503A36B7BEC23DA88EBD5A93ABADDB"
"Data2\map\north004\indoor\T01IN.ROMZ","153035","2019-03-29 14:45:58","E3DA772CB9BFCA73F654E2D8E4B4B900C21EC69F7033132D9E3B816FE66527D8"
"Data2\map\north004\indoor\TowerL.hmdZ","413","2019-03-29 14:45:12","FA69556F2CACE1BBBABDC814775309CC6CF0B5BA9DEADB181485F389E80A69B0"
"Data2\map\north004\indoor\TowerL.ROMZ","679238","2019-03-29 14:46:00","AF3AAF175DC2E3396A5B22382187DA62A4EC62D0A76911814511C04EBDC28117"
"Data2\map\north004\indoor\TowerR.hmdZ","416","2019-03-29 14:45:12","B6CAF45557AE1BC1EEABFF50CBE05DE54E9EE342A81DEF78A4CBC3355C9880E6"
"Data2\map\north004\indoor\TowerR.ROMZ","673011","2019-03-29 14:46:00","9E3C217C69E08933ADDA966EDDCC6AA4009BC71CD5649B8F2ECA7F33467F02D7"
"Data2\map\north004\indoor\WeaO.hmdZ","323","2019-03-29 14:45:12","7BB6111847342B16C068919041E0AA9B6E892A2C06866833AD47E668B29DE8F0"
"Data2\map\north004\indoor\WeaO.ROMZ","127330","2019-03-29 14:46:00","D77E09D91306B2E7810A1214D23BCE9705481B5B3DB0A8A78FB64E925AC5B025"
"Data2\map\north004\IWS.ROMZ","454435","2019-03-29 14:45:38","C811C78B5AC9C11DB29008F215CD361876330BB8D3D79A58AA54B298E8C2AACA"
"Data2\map\north004\LANE.ROMZ","94349","2019-03-29 14:45:38","5BE2783F17415FD221491CE0FEEF9ED77BCACFF220E0270D1B0DDCF1A1769FF7"
"Data2\map\north004\LIC01.ROMZ","858036","2019-03-29 14:45:38","8830CE059EF798A4FB96F682DBE32D0BB39FFD4336C3702AFDA4684D98EEFE75"
"Data2\map\north004\Light.ROMZ","186618","2019-03-29 14:45:38","ECD4D9D3FD2481A2FF5DFEEB65F0F06B33228B5C9EAD2C89F98782352FB0A9D9"
"Data2\map\north004\Luo.ROMZ","334328","2019-03-29 14:45:38","C6DF3D2A4324A87084C46D7E5FA2F233EE748B2181E483368353419D4BC50E74"
"Data2\map\north004\M11.ROMZ","674434","2019-03-29 14:45:38","C16DAFBCD5F8072D283A15A48A310802AB5B9D0EE4D8DE492E8B674A383A1E3E"
"Data2\map\north004\mazewei01\ICE01.ROMZ","81458","2019-03-29 14:45:36","C52E6922CA2D808A661CAD8C4AF8444FEFC201CC1D19BFED103310A007614A7C"
"Data2\map\north004\mazewei01\LBridge.ROMZ","631397","2019-03-29 14:45:38","24EB4723A18FF4984F3E00B436A40F74AC9887A904703D0ACC70A3ECE0AC1AD4"
"Data2\map\north004\mazewei01\mazewei01.mbd","1875688","2025-11-15 23:27:25","74D9279115F0A77CF425FD556080591E1DC6ABFBF3294F23410D9B8A86916CFF"
"Data2\map\north004\mazewei01\Mazewei01.mbdZ","420610","2019-03-29 14:45:14","6EDCF2A478B9B922C2A82CADDDC189E556A28B5B1E3DB2348BD8A2D1172F3856"
"Data2\map\north004\mazewei01\Mazewei01.mdlZ","51205","2019-03-29 14:45:14","A98C3E9E1873E8DF5C67B4257EE90EA8DF9F2ECF1843C559DEA9D31861FC4C3A"
"Data2\map\north004\mazewei01\Mazewei01.mdtZ","480","2019-03-29 14:45:14","4817ADD34DABD830F14ED76D5C490915436895D5A3450854A353027EA0948865"
"Data2\map\north004\mazewei01\Mazewei01.mmbZ","31097","2019-03-29 14:45:14","43789BB521BD2DD84921EFCC076AED9C036F45A75FF9E72BFADFCBA8757C13F2"
"Data2\map\north004\mazewei01\TS01.ROMZ","319748","2019-03-29 14:46:00","CFF8E38DB0A193E5557BEAAEA4977BED4C82214E0AC7D593666539EE998F1DEB"
"Data2\map\north004\mazewei02\DagiG.ROMZ","435523","2019-03-29 14:45:16","9FAA97EE460105AAB08D8129E702A742DB8AE3C0E0343E4563AA4747EE43A493"
"Data2\map\north004\mazewei02\DagiM01.ROMZ","704678","2019-03-29 14:45:16","D7940A4BA2D6738F5D0EEB26EC06708DD5410B9FCD4207488FAD33041FCC8697"
"Data2\map\north004\mazewei02\mazewei02.mbd","801896","2022-12-13 14:43:26","702C7DB33E53084F6A902F8957E0AAD74BC8A09B24EE8AE1DB7FADB08CDC729F"
"Data2\map\north004\mazewei02\Mazewei02.mbdZ","138070","2019-03-29 14:45:14","FACBC8EB0585ED0B00D442F60238C7F944796D71E0825152CE2B7E6C2F4379E4"
"Data2\map\north004\mazewei02\Mazewei02.mdlZ","10880","2019-03-29 14:45:14","9A606CB5DC5DD221BC2DCF0C18B7215D609E152ECDD8D7B70CF883F813F5F3E1"
"Data2\map\north004\mazewei02\Mazewei02.mdtZ","266","2019-03-29 14:45:14","13C5BE6C2D3A98D74EF5A76506D5DC9D34FD249BA68C3CAB1502807C5DFB2D18"
"Data2\map\north004\mazewei02\Mazewei02.mmbZ","13547","2019-03-29 14:45:14","3BE3FEC89E1B2B04C916AF7E8C60ECF0365B3AF0F2C0C2BABE6025AD6F437851"
"Data2\map\north004\mazewei03\Crystal01.ROMZ","73080","2019-03-29 14:45:16","32D031E3E85D633261F60624B008297D97ACFD5AD2F9658FA42ED386D38F458F"
"Data2\map\north004\mazewei03\Crystal02.ROMZ","58500","2019-03-29 14:45:16","B3B85014AC29B6CFDE7FE918ECC42B03A2B4F6319EF1947276A3D08B316D8F56"
"Data2\map\north004\mazewei03\Crystal03.ROMZ","81376","2019-03-29 14:45:16","309E6ADE1A716464E7D7487B1DD48C03B7E900A3AC89CD6FFD2E4BDDB5798043"
"Data2\map\north004\mazewei03\Crystal04.ROMZ","50877","2019-03-29 14:45:16","BFA8CE84AA0F98DDFBFE07B68D9CB928DE3CB1B8A7045EB2B6D38F6472EF27B2"
"Data2\map\north004\mazewei03\mazewei03.mbd","515780","2025-10-27 16:33:59","11A7E00023F828625F9699645F467626D664A495D0B9F28DC8ACD2C12A0E9F86"
"Data2\map\north004\mazewei03\Mazewei03.mbdZ","99103","2019-03-29 14:45:14","8C0C0249524E2A283EDB7509233A7CB958B769694FA5448774934736ED8F3CAB"
"Data2\map\north004\mazewei03\Mazewei03.mdlZ","10422","2019-03-29 14:45:14","4B846D2E4D979D1ACDB20560F17EEC386C317DA4106AFCE4C530060AE28D0A60"
"Data2\map\north004\mazewei03\Mazewei03.mdtZ","273","2019-03-29 14:45:14","D53A8D611F2DAB5D3FA2702FF61792785D1DFFC1E446D54FC55622CE1EF0B525"
"Data2\map\north004\mazewei03\Mazewei03.mmbZ","10125","2019-03-29 14:45:14","5E2841E5A47422E833770A4363F93060A6E224643EEB49F7BF56CB1CF9E462E3"
"Data2\map\north004\mazewei03\no_p_bl.ROMZ","1182","2019-03-29 14:45:40","0D1FA08F38BC4C31C04505C6CA16135B75CDF649A8E8B2C8577E55800BA588CF"
"Data2\map\north004\mazewei03\no_w_p.ROMZ","302697","2019-03-29 14:45:40","0DA8F63CE3E6A65E08891B74857B1CEAE6A6A44067FBC16880F14BB76FE9D00C"
"Data2\map\north004\mazewei03\stalactite01.ROMZ","946477","2019-03-29 14:45:58","B380D178944C53AAE2B49F6995271F9A38F215F6CDF3EEB1D632EAC713466FCE"
"Data2\map\north004\mazewei04\IO_north.ROMZ","380","2019-03-29 14:45:36","58CF21296FB069A1EEDDA685506871C1A7C5528C5459AA8D11BBEDB32766C52A"
"Data2\map\north004\mazewei04\mazewei04.mbd","293240","2026-02-06 19:21:36","83968EFD04BFC7211862C54F2FAA196332599CBFB788782F0A686B5AE8051DDD"
"Data2\map\north004\mazewei04\Mazewei04.mbdZ","42141","2019-03-29 14:45:14","EB0CC6F21B1D56D504A655343B7F94ECDD13E5CB906946F5815E655EABBF6B41"
"Data2\map\north004\mazewei04\Mazewei04.mdlZ","5016","2019-03-29 14:45:14","B5ED722F06835E816685E239F7C95467ECF765DF4094C55B3D12BC7129F755FB"
"Data2\map\north004\mazewei04\Mazewei04.mdtZ","243","2019-03-29 14:45:14","6B622E83A89CF61D6A43018B32BA336B11E0B699DC1A7F1ECC4FE62B4899ABAD"
"Data2\map\north004\mazewei04\Mazewei04.mmbZ","5469","2019-03-29 14:45:14","97D0B2012B7FAF0668CD0E5295003D6A001670F2AD3F71FD389A7A3FCF5967D0"
"Data2\map\north004\mazewei05\Mazewei05.mbdZ","88880","2019-03-29 14:45:14","3F75EF28E3FBBC18DBDC94CBF3EF7484C6FCC068461E8E4BD6A37CECC092A4E2"
"Data2\map\north004\mazewei05\Mazewei05.mdlZ","10797","2019-03-29 14:45:14","50EC32BD19AEF40793324277B1A30B061485F44C8F6109682F248B7DB75570BE"
"Data2\map\north004\mazewei05\Mazewei05.mdtZ","243","2019-03-29 14:45:14","9D70AD19F1EFF2CE0DA343B39887EB670B3454A42647D7402AA855BA15179549"
"Data2\map\north004\mazewei05\Mazewei05.mmbZ","10546","2019-03-29 14:45:14","287BD93C6D4F3103EDFBE0D6088DF0B98E53AE0B2BC8A6D121431371B763AABD"
"Data2\map\north004\mazewei06\mazewei06.mbd","434536","2026-02-06 19:04:08","C8521ED0F3625C43FA08F950CC9496C1404462FBECEA43C452E30027DC7B164A"
"Data2\map\north004\mazewei06\Mazewei06.mbdZ","62971","2019-03-29 14:45:14","CB03EE385F3A83872B7F83633FA4BE06E3FDA8B710BA79C1FDC4E793420C253C"
"Data2\map\north004\mazewei06\Mazewei06.mdlZ","7249","2019-03-29 14:45:14","145F037FCE7DCB5660C1FAD0DF9DBC18949FDD8170BB32F61960263DB4948012"
"Data2\map\north004\mazewei06\Mazewei06.mdtZ","245","2019-03-29 14:45:14","0EAA8E18B7B79154AA76457D9EA20DEC27957EE3C2A96FE25DC1D10AFD9BC192"
"Data2\map\north004\mazewei06\Mazewei06.mmbZ","7710","2019-03-29 14:45:14","11BF0B1992A2C4F69E1CFFFFA81DBB8158EA54E24D21A3113206CCC293B8E1ED"
"Data2\map\north004\mazewei07\IO_north.ROMZ","380","2019-03-29 14:45:36","58CF21296FB069A1EEDDA685506871C1A7C5528C5459AA8D11BBEDB32766C52A"
"Data2\map\north004\mazewei07\mazewei07.mbd","699460","2022-12-13 14:39:46","96676F811F47BB5AC1F619F57C057C3FE207B7286580CDC079B7E190299C2289"
"Data2\map\north004\mazewei07\Mazewei07.mbdZ","144975","2019-03-29 14:45:14","5E429DEC0AAE8CB334FDA8538B35B1ABD89993D21A48D201DF12E0BC1F012F7E"
"Data2\map\north004\mazewei07\Mazewei07.mdlZ","11557","2019-03-29 14:45:14","B980F206B94CAA543CE7B2D5A6A60ECC6AEE67C84964955D4CCE7C0361E81756"
"Data2\map\north004\mazewei07\Mazewei07.mdtZ","274","2019-03-29 14:45:14","86F2FB2C8942090C77AA1D0DFFF92B63CCF29162A963201209EC867E538564AA"
"Data2\map\north004\mazewei07\Mazewei07.mmbZ","13108","2019-03-29 14:45:14","5C4F4555DB909C6B559F9EF2F23308687B4983B50D7CB230F20806F713DE3AEF"
"Data2\map\north004\mazewei07\no_p_bl.ROMZ","1182","2019-03-29 14:45:40","B34CBA6B25C7DD60ABE086438732F797D083925DCC11012B18BDA66B90429198"
"Data2\map\north004\mazewei07\no_w_p.ROMZ","302697","2019-03-29 14:45:40","0DA8F63CE3E6A65E08891B74857B1CEAE6A6A44067FBC16880F14BB76FE9D00C"
"Data2\map\north004\mazewei07\WCave.ROMZ","640182","2019-03-29 14:46:00","34A5A218F9226CA463166C8EF80AAF14A3AE832F74DDF5E74AEA05C1EEBFC2CA"
"Data2\map\north004\no_w_b.ROMZ","338396","2019-03-29 14:45:40","0A303D436ACCE181DFBF71DF27B2FE857434DAF9C73978C58F40796FD0EA3DC4"
"Data2\map\north004\no_w_bi.ROMZ","913656","2019-03-29 14:45:40","A178048464A515756BC922309F4F6536077F7A7FF5DDB77BE918951B8FB3430B"
"Data2\map\north004\no_w_e.ROMZ","87625","2019-03-29 14:45:40","C9C97D7F7B63AA825D73ACD670624A9A38310AB2A5FD80532B4B18667FB02F37"
"Data2\map\north004\no_w_es.ROMZ","123043","2019-03-29 14:45:40","4BA79849FE4B5936663758491ADBD129A6F46992FCEC36DF650B8995EF8CEDF0"
"Data2\map\north004\no_w_is.ROMZ","795709","2019-03-29 14:45:40","93E2B82F3975ACB62A06F9E649734DCE3DA81E1AEB561FF269E3AA6496DCB6FB"
"Data2\map\north004\North004.can","1494","2019-03-29 14:45:12","3F1D0393ED1BF9D49EEA9755BCA0A84E9FE9FE567C0D0070C563B4CE5995E785"
"Data2\map\north004\north004.mbd","1875688","2022-11-08 11:22:20","AA95CDE09D0EB2515626ADE81753B67349BA05008250C1F3AAF718116E89D03E"
"Data2\map\north004\North004.mbdZ","531557","2019-03-29 14:45:14","4DDDDEA8FD2520A1F5C3D7BECE5AD9E8B210C2B3DF05424AAEFB76E1945000F1"
"Data2\map\north004\North004.mdlZ","31298","2019-03-29 14:45:14","95C13E9F624019287170434A93B086B6B419450BD34CCCCA47FB17EEE8703834"
"Data2\map\north004\North004.mdtZ","713","2019-03-29 14:45:14","2DCD0B9B6E31B2B857C224FCF7B728FAA3D731D1AC4E33F103AED323A9C90785"
"Data2\map\north004\North004.mmbZ","37325","2019-03-29 14:45:14","0589628AD21592CE94A8F3E61882A92C6D78610BE80E015407085494D1D7EF7C"
"Data2\map\north004\Pillar.ROMZ","63486","2019-03-29 14:45:44","28D5CDF03480D68693861D00FEC6CBE911BCD8E60D49F901A51DFBA0C5C5A581"
"Data2\map\north004\SnowH.ROMZ","88226","2019-03-29 14:45:54","186E1166774CFBB7F1F1A62E6BC02A45942EC0D67E2525BB339E9DA80D3F3930"
"Data2\map\north004\Temple02.ROMZ","20160","2019-03-29 14:45:58","73CAF0EC8052E885E5B3C78A42D69E9DADADD4ED855399D6069AFC44C802140B"
"Data2\map\north004\Tower.ROMZ","197872","2019-03-29 14:45:58","79DD616E469EE1C832E59BF1A680078A215AAA3691D41CC43C074CE36311C96F"
"Data2\map\north004\Wolf.ROMZ","596272","2019-03-29 14:46:00","214831CF870F25D6BAAB132C6D2D2542C110C15118C076C6BFBF462BED4EEF0E"
"Data2\map\north005\cityhu01\cityhu01.mbd","293240","2022-11-01 11:02:36","310D55B6DCC5DB75856E09C7D87BF4F57265CC7E8BD1A905279B1DE146D90FB8"
"Data2\map\north005\cityhu01\CityHU01.mbdZ","59169","2019-03-29 14:45:14","EFCFF0DBFFD57CCDAA7952C0B79575010E9CE9724F1A0E40E0BB9B61447BD13C"
"Data2\map\north005\cityhu01\CityHU01.mdlZ","15127","2019-03-29 14:45:14","CDD9EC521BA55F4CD7708E7B7E897EDD685393A9853A9385C13B3099335963A9"
"Data2\map\north005\cityhu01\CityHU01.mdtZ","500","2019-03-29 14:45:14","ECA91B2F9CE1F63DCFCB63B5A919C6300C63D5BD7FDB003411081189B8A21A48"
"Data2\map\north005\cityhu01\CityHU01.mmbZ","5643","2019-03-29 14:45:14","863297BFF1AB525CB26E68C8EDC870C31B88A98C926D36D92CC96324AA4C9D8B"
"Data2\map\north005\cityhu01\FunNH01.ROMZ","1358350","2019-03-29 14:45:32","FCFA94BDE601542961A73C634CA2B67A6ABE330FC512AF515DB1E2E66E23C1BD"
"Data2\map\north005\cityhu01\IO_ju.ROMZ","380","2019-03-29 14:45:36","58CF21296FB069A1EEDDA685506871C1A7C5528C5459AA8D11BBEDB32766C52A"
"Data2\map\north005\cityhu01\NorNH01.ROMZ","639227","2019-03-29 14:45:40","EEC753F9DEB41E40A48E5C631469BC8F409BA4AC4F0EF92E578CE87D6C501046"
"Data2\map\north005\cityhu01\TB.ROMZ","84060","2019-03-29 14:45:58","6D3A975A6CE58BA18B33F29984F1E8CBFD24F9DF947BD256C4F2B45EF907D376"
"Data2\map\north005\cityhu01\toio.ROMZ","29297","2019-03-29 14:45:58","753EF908C674A84F7EF6E20BFB73B0D06FEFE16D99FE3C59D6FB270E8A1F9528"
"Data2\map\north005\indoor\HuHO.hmdZ","655","2019-03-29 14:45:12","67FDA0B04D5C68CF4F670250E6363F98FB03CA737FACDB707E6F7EE471AA3028"
"Data2\map\north005\indoor\HuHO.ROMZ","341462","2019-03-29 14:45:36","FFFD955131A23DE0E234078D7777790FA4E835DD61E5F9B0BD7BFEE1FE97D96F"
"Data2\map\north005\indoor\Hun01_R.hmdZ","270","2019-03-29 14:45:12","15323E0C17B2A30BC3CCF764F24B4B89F6FC995899115FDA22CCD1D3BD729BE9"
"Data2\map\north005\indoor\Hun01_R.ROMZ","116419","2019-03-29 14:45:36","C4B26F4C84475C8F43728C2DC837CF5AB6D22C5167824509DA8D30F098218314"
"Data2\map\north005\indoor\Mh01_L.hmdZ","333","2019-03-29 14:45:12","3FDF20D5398A97EE388D7A0F9B6F410AFB465ACBC6AB2728CC520A9C4F18B1AF"
"Data2\map\north005\indoor\Mh01_L.ROMZ","218938","2019-03-29 14:45:40","458F0EEA98C6BD34B32F848051DF3110ACBBFE12BC73FD7243F987A31F724BB2"
"Data2\map\north005\indoor\Mh02_R.hmdZ","379","2019-03-29 14:45:12","EAB57302AE0BAA661CCDA64FA7D3C11219226253E68FCA5E46C482F4C2F7DAD5"
"Data2\map\north005\indoor\Mh02_R.ROMZ","218898","2019-03-29 14:45:40","D595103F22B115B6576601A17BEE52A7DF7AE0C24CE62E9EAFDF3BFB8BDEEDF5"
"Data2\map\north005\indoor\Sh02_L.hmdZ","304","2019-03-29 14:45:12","80DBD61A1158577B923B0B3B076D2E2730D48838E8EE713006D0479868795334"
"Data2\map\north005\indoor\Sh02_L.ROMZ","91611","2019-03-29 14:45:54","C3AE175F0F33AE78370525205DC356146B38C98DB7B51E555121328DB394D0A3"
"Data2\map\north005\indoor\TMP.hmdZ","389","2019-03-29 14:45:12","5BCC3E3B3A8BED19C39650338DB2D817DF32C589B54A8F0E4D51DE6B4728819C"
"Data2\map\north005\indoor\TMP.ROMZ","503129","2019-03-29 14:45:58","68582AD19907B43C7C0F44F793047EB07DDFD2F6420E80910C8F0289F5AAEC46"
"Data2\map\north005\IO_IF.ROMZ","380","2019-03-29 14:45:36","58CF21296FB069A1EEDDA685506871C1A7C5528C5459AA8D11BBEDB32766C52A"
"Data2\map\north005\IO_S.ROMZ","380","2019-03-29 14:45:36","58CF21296FB069A1EEDDA685506871C1A7C5528C5459AA8D11BBEDB32766C52A"
"Data2\map\north005\mazehu01\910.ROMZ","119728","2019-03-29 14:45:14","A92133FB3AE76C3BEAF8F0458A08BA2231551A3B9A6DE129CCD06D08F07FE283"
"Data2\map\north005\mazehu01\910IN.ROMZ","288256","2019-03-29 14:45:14","5F70437C5BB77D89CBB50B80C506BBE6A78EBC15A74BD313500C96A14EDA61AE"
"Data2\map\north005\mazehu01\DarkD.ROMZ","319277","2019-03-29 14:45:16","A9BCDFF471AAD1ED623538AED6D4FC401B3C94D266B728D3DB09EF62691EE9B8"
"Data2\map\north005\mazehu01\DMou01.ROMZ","670621","2019-03-29 14:45:16","969E1191E92BF8013AEA5B6DCE36EAC21FF676947D309A327629A64A06CD6FA9"
"Data2\map\north005\mazehu01\IFID.ROMZ","396196","2019-03-29 14:45:36","0ED316D1DBCD2A8F1DFF9E60970882A8D1E648677B5F4EE2601FFB11617B26EE"
"Data2\map\north005\mazehu01\M_firA.ROMZ","484731","2019-03-29 14:45:38","1A795AFDE550FF7F5C700F965E0F7940E53F732E60913377F6CF670857B934A1"
"Data2\map\north005\mazehu01\mazehu01.mbd","2055832","2025-10-31 20:52:18","0634C18D599A4663F25B5635DBB20FB9C4E8AEC674835C6EB31D7B23DD696AE5"
"Data2\map\north005\mazehu01\MazeHu01.mbdZ","402644","2019-03-29 14:45:14","A3DDFDA92DC64B39E4052C8FFBAC9DE0C56F672BD74D0B613DE3A9BAAEF0C90B"
"Data2\map\north005\mazehu01\MazeHu01.mdlZ","41618","2019-03-29 14:45:14","442D2A6D7D78FECBE2F6305D9FE0593C40E77323102AADF88B81D686C050B20A"
"Data2\map\north005\mazehu01\MazeHu01.mdtZ","602","2019-03-29 14:45:14","8013238486045B534A4CE60EB4D509B1B1C00F3B24168FCE5083120D505DAC27"
"Data2\map\north005\mazehu01\MazeHu01.mmbZ","36222","2019-03-29 14:45:14","A23D1D29690B76465F213B2DB67EA914DBE598AB790F9F02D5B8CD2704C33EE4"
"Data2\map\north005\Mou01.ROMZ","1063631","2019-03-29 14:45:40","B09BC0B3AAF999588B3AB2CB71F3638AE0FC42D1B33EF5242A0DB0367F4BB282"
"Data2\map\north005\no_H_D.ROMZ","356219","2019-03-29 14:45:40","26DEA8818E6D998120FD1830BA481E3723C765F6EFCA8D6E8B18672C75150231"
"Data2\map\north005\no_H_DG.ROMZ","205064","2019-03-29 14:45:40","0BEAC166D637B37EF4FA3A9FE9D4397A8D1AD017D3D4CC903D38DED295698B16"
"Data2\map\north005\no_H_G.ROMZ","499721","2019-03-29 14:45:40","62659B8A2CD567F8CB390A4CB86CE7C8BA98728E074233139C7FCB556A35C9F9"
"Data2\map\north005\no_H_S.ROMZ","108672","2019-03-29 14:45:40","8ECAE369A37115522BA7D2934E9B1BB850B97B8FAA56F79C0F9074F2FE75BEEE"
"Data2\map\north005\no_H_SD.ROMZ","191185","2019-03-29 14:45:40","43B068A81EDBC526C404C385F1BB383C0F12C2E2CEBFA9900441AB4A66AFB41D"
"Data2\map\north005\no_H_SG.ROMZ","216377","2019-03-29 14:45:40","768B064972CB26D32BA0164790C5B13938C7836F2DEF8278C6238CB83AA08E34"
"Data2\map\north005\North005.can","688","2019-03-29 14:45:12","269BDC89351688C2CF23AFFBE5E09797DF86913CE95D57ECECAC87032A574E3A"
"Data2\map\north005\north005.mbd","1716740","2025-10-31 19:51:22","AB4237EB5D8C71E86368727040F424BA78AAF587378895CC8FEB0864F3C62105"
"Data2\map\north005\North005.mbdZ","409112","2019-03-29 14:45:14","E7FA63F6EDE98CD40244B5DBE2E7AA86ED5E8E854EF9CBFA072CF7D019E2D44B"
"Data2\map\north005\North005.mdlZ","36785","2019-03-29 14:45:14","7598D6AF54E77749A116F561FC66C52024178AB47968C5779BAFD28B362096B3"
"Data2\map\north005\North005.mdtZ","498","2019-03-29 14:45:14","B3988E03D37F5647B7D964A76268E31AB34D866DF18A4AE33C9762DD1C25F517"
"Data2\map\north005\North005.mmbZ","32166","2019-03-29 14:45:14","52942B21C18C1259D9EDBB701A593E5462E51C960BE3178F1393EC0A76B498DE"
"Data2\map\north005\PUMA.ROMZ","487494","2019-03-29 14:45:44","B884B4A2D11E493BBC7D390B9F5EEDB7AD6A4D3562C352D465299AE4AF5EACD8"
"Data2\map\north005\RU.ROMZ","405194","2019-03-29 14:45:52","BDD376734E303EE1B54968B1FE35E5DEA228FF6372A877505304583E3EF66C5A"
"Data2\map\north005\StAR.ROMZ","614769","2019-03-29 14:45:58","8F83CADAC4840783AAE989E4E1CEB4009C50BCEDB3A727922282B0EF2437A123"
"Data2\map\north005\Stone01.ROMZ","33038","2019-03-29 14:45:58","3D055A5CDE62DBC15589B1919359A93CC6E1949CD1DFFC2B164F230523867FA4"
"Data2\map\north005\T01.ROMZ","216046","2019-03-29 14:45:58","6F9E8E083A7905E2040C835DA5B6C0E8D0BDB631E6756734D30E4E13632B9171"
"Data2\map\north005\T02.ROMZ","128711","2019-03-29 14:45:58","B6FDD9D5DAE83C09FEE8D5E6A510F84D74286548D4B40FB8F8AC083BEAAC34E0"
"Data2\map\north005\T03.ROMZ","134250","2019-03-29 14:45:58","E142BF4420D598461A49060E808D223EFC9DCB60A81F593E927B889CC0E0A046"
"Data2\map\north005\T04.ROMZ","38146","2019-03-29 14:45:58","9523CBE06C536C0A7CD240B850E1CDD4E1E5FA82ECE995A073AA93905D74A070"
"Data2\map\north005\T05.ROMZ","62543","2019-03-29 14:45:58","D6286F800D4F68E0558D9A64185B3BE5283F99B54C86CC633FC60B456AAF20B0"
"Data2\map\north005\umg\12H.ROMZ","351109","2019-03-29 14:45:14","8B660808DEDBA575382B736C90677EDDCF5F94AD9B90CA81F8DDC1B0D546978A"
"Data2\map\north005\umg\12HB.ROMZ","15098","2019-03-29 14:45:14","A6BEF4A07EEAAD54F5E18072AE5905CFF786628E13C7FB82AB8AC9A0624875AB"
"Data2\map\north005\umg\BL.ROMZ","1180","2019-03-29 14:45:16","BF9AF246B120498E8482589D69B3EC9B8147376E8C275E4D47CCD89EFC099824"
"Data2\map\north005\umg\D1112.ROMZ","328201","2019-03-29 14:45:16","10873E68D4E6E8D62E27ED941815F444CFFDEEA7F4CA8BDE1F8814ADA7A6BE6A"
"Data2\map\north005\umg\G11.ROMZ","78296","2019-03-29 14:45:32","FABCEB3D9A4FE3B3EA640ABDC1E7ADCE8622428354199A2EE74702270129D658"
"Data2\map\north005\umg\G11D12.ROMZ","156601","2019-03-29 14:45:32","7397B15C8BD52CDA9FCF262703AE685A37F9D5C239B926691AFF94276F32D841"
"Data2\map\north005\umg\G11S21.ROMZ","160854","2019-03-29 14:45:32","33FA44831BB0F631D3966BFFCBB20AFB4D43DF97261A821340787F58E5404BAF"
"Data2\map\north005\umg\IO_S.ROMZ","380","2019-03-29 14:45:36","58CF21296FB069A1EEDDA685506871C1A7C5528C5459AA8D11BBEDB32766C52A"
"Data2\map\north005\umg\Pavilion01.ROMZ","224847","2019-03-29 14:45:44","B99FAA9610AC83D29F61BD87D9A217B7B5777CF6DED5C183E53AF47320B3F376"
"Data2\map\north005\umg\Roof02.ROMZ","31467","2019-03-29 14:45:52","F7797316574C2A06E782C9E207E43A63ECC4B9019A6A5AAF005FAB0266B3DAFB"
"Data2\map\north005\umg\S1121.ROMZ","324069","2019-03-29 14:45:54","910365C9758820870DAD62907AE22473A1A2934EACF13B34B5917A90119DD76C"
"Data2\map\north005\umg\UMG.mbdZ","139653","2019-03-29 14:45:14","4B6575ECF29A96BBDDAADA4870D7F1E832C032D2E26F1948515C4CCB19190839"
"Data2\map\north005\umg\UMG.mdlZ","26350","2019-03-29 14:45:14","5620EADF0118E4141D5D0C96655D3D04CEC686A93599F42D4B73AC6FB9EC8976"
"Data2\map\north005\umg\UMG.mdtZ","465","2019-03-29 14:45:14","1FB460B29B6942721347682E3E5F9FF3CA6DF1F43808FBBAE274BF42A5B1A989"
"Data2\map\north005\umg\UMG.mmbZ","11845","2019-03-29 14:45:14","9B6F910E47A9A6B1E7743F1DC03A54E77691A7278EC11AAA45405134231F5FB8"
"Data2\map\north005\umg\Wall00.ROMZ","294617","2019-03-29 14:46:00","114054B7594FFA97AFABE17AB443DFE391D0403F05CCEA31C9EAE85C5DE2347E"
"Data2\map\north005\umg\Wall00DL.ROMZ","171226","2019-03-29 14:46:00","76E675C939BF367888BA387B45594806D441571FB5CEEA2178ED8F0E0D5411EE"
"Data2\map\north005\umg\Wall01.ROMZ","247854","2019-03-29 14:46:00","2CD626E4058691EB31CC76F45BA6DAFBE380D65BEBE18190AA32EFAD562A5193"
"Data2\map\north005\umg\Wall02.ROMZ","662051","2019-03-29 14:46:00","2DD742F76D8FE733053EC9590B916BEA66E661BA0558AA469BD4465161A28579"
"Data2\map\north005\umg\Wall02DX.ROMZ","229012","2019-03-29 14:46:00","284F229B6992F423166EF977871453278803631E57A4B5B2F9838FAA3A99695F"
"Data2\map\north005\umg\Wall04.ROMZ","217975","2019-03-29 14:46:00","7456F0ABC950CE1FE7182906D31A31FA505C137CCEAFFBA4F4B31F4217C1610C"
"Data2\map\north005\WaNH01.ROMZ","2003643","2019-03-29 14:46:00","C93439434711AE435075B45F86C61CEF8181D143D7F5D1840B2113D3BE18C16E"
"Data2\map\south001\AltarT.ROMZ","122010","2019-03-29 14:45:14","1EB4BE516C1993D407086846F5A67786CE3CBBE07B4D0104A0073E077F1A805C"
"Data2\map\south001\arum.ROMZ","66168","2019-03-29 14:45:16","3FF0C1A6C1F888288E14ABE1A3A7842E7992DA65D8D38F865713C280870271F0"
"Data2\map\south001\arum0001.ROMZ","334815","2019-03-29 14:45:16","BE9364B4C32701921BE896D425B8A3DDCFD54E7D2EDC5A7DE4FCD9C7FE37F74A"
"Data2\map\south001\BAN.ROMZ","902898","2019-03-29 14:45:16","8C546C216B4AD345639318F103B4DD31AD84A373CD5CBE64F999D481F4E3264C"
"Data2\map\south001\BAR.ROMZ","30614","2019-03-29 14:45:16","191AB0CC6E8FFFC8AEFD5497E1C9FEB8E4963919D873FFA633AB9C0293C20307"
"Data2\map\south001\brigandandguard.ROMZ","127292","2019-03-29 14:45:16","006AE06BAB770FCB167B9CF6D3F50732C9479413FFDBD38E7EBB5C801F4B250A"
"Data2\map\south001\Bunder.ROMZ","1042005","2019-03-29 14:45:16","AA0D3771F52B1A1D12B72E9555BFCDBE04EC08A9A38B66D871F88F7BDE7518CD"
"Data2\map\south001\CAR.ROMZ","78239","2019-03-29 14:45:16","9224B44992269C90ACC902727F9A0964EB933E7A28A35438CC2DE4F2AF203158"
"Data2\map\south001\citys01\brigandandguard.ROMZ","127292","2019-03-29 14:45:16","006AE06BAB770FCB167B9CF6D3F50732C9479413FFDBD38E7EBB5C801F4B250A"
"Data2\map\south001\citys01\CGod.ROMZ","37701","2019-03-29 14:45:16","9A5A9360D1EA050EBEB099E7BA4E70D1B29C5059AEA92D0A8A14F6B23F0C1F2F"
"Data2\map\south001\citys01\CiSTO.ROMZ","97744","2019-03-29 14:45:16","CA134AEA531A5CED11232305B2CEE6ACBDC71868136437BE6B9AE3528B590AA8"
"Data2\map\south001\citys01\citys01.mbd","604088","2019-05-30 14:23:00","1B792D224276EA38793D63D7F8BC0F2E10C1262948EFA86F8DE7C3847FB0348C"
"Data2\map\south001\citys01\citys01.mbdZ","150350","2019-03-29 14:45:14","7C88B6FCB90FB79994F0588DEAE49AC584016405D5AAEEF22695AE9897D18D72"
"Data2\map\south001\citys01\citys01.mdlZ","30629","2019-03-29 14:45:14","8024EA3A7BB3ECFF384AFCE0AC0019BED58AA066BF4D10C4FFCDCB6F22CB425A"
"Data2\map\south001\citys01\citys01.mdtZ","1072","2019-03-29 14:45:14","E7E1D9CD6586E8A9C18166066CF4BD29CE98FF09986D530C0CB2F16A39D00D85"
"Data2\map\south001\citys01\citys01.mmbZ","11582","2019-03-29 14:45:14","F43C3D21B9778B6B6B4C0323B80FA5CB266CEA5A62CE358B404A8B905EE64288"
"Data2\map\south001\citys01\Flowers.ROMZ","78693","2019-03-29 14:45:32","C538CC818F7277F08227623E59A30B9E40BD96DF5DB184BF263DE716EEEB184E"
"Data2\map\south001\citys01\LargeHotel.ROMZ","211802","2019-03-29 14:45:38","46FA51C3D828BBE35726638390817B4229E4D1EE4AA33B255B6D1295DF35A56C"
"Data2\map\south001\citys01\Le01.ROMZ","173050","2019-03-29 14:45:38","62FD910976B01C1932642CAA093CE7F4B56657A7E6C1A50750144DCA0C709BF0"
"Data2\map\south001\citys01\NFHou.ROMZ","804052","2019-03-29 14:45:40","FDEB24820C0EF9116AC2C9FDECC6577D38EFB9511D6D0D7863C8615EF3F82D48"
"Data2\map\south001\citys01\NHou.ROMZ","330236","2019-03-29 14:45:40","F18D87254195011491D98E350944DF47C7BF6FD8B4AE10B7B39CD4800501C30A"
"Data2\map\south001\citys01\OFFICE.ROMZ","1012925","2019-03-29 14:45:42","BD8873D6F1D6E90494D358A561F95CFEB28A8A1ED54AF95D13034B63FABD1D0A"
"Data2\map\south001\citys01\SFHou.ROMZ","564180","2019-03-29 14:45:54","FAE6ADA659FCF91F72B264DB88A09407EAEDC5AC4F73434519461068F7099573"
"Data2\map\south001\citys01\StoRo.ROMZ","324481","2019-03-29 14:45:58","213D9C68A036D25FED227007B2F2AD9D7E38F4FF260E32DF7B6D491ED2EC2202"
"Data2\map\south001\citys01\TrG.ROMZ","327928","2019-03-29 14:46:00","65040021B235019528410501FB756CA927A3E5E007E0F088D4BDB8D660FA2EC7"
"Data2\map\south001\citys01\TRM.ROMZ","413166","2019-03-29 14:46:00","5CDE86495E7DF01E2A608906E4F1341E01F783390C8B3A7237DF3A567CF9D8F0"
"Data2\map\south001\citys03\citys03.mbd","204928","2021-02-01 10:35:56","6E8DFDA1F4A50D81C520E06BD584E1A12CB82D966949A7EBCA72C33D95D07DE7"
"Data2\map\south001\citys03\citys03.mbdZ","58526","2019-03-29 14:45:14","DE9DE1E8B1542EA5566BAA51E5914FB5BF952BE694C4571EAA152AF472FF0E07"
"Data2\map\south001\citys03\citys03.mdlZ","9098","2019-03-29 14:45:14","6920174306E1560559D8126330231F9499E891F5F249AD3BDE4F7ED14767F930"
"Data2\map\south001\citys03\citys03.mdtZ","1071","2019-03-29 14:45:14","49DA405E9C9B409863FDC5B619FE2D86BD08864C161343B8E4FFA02693FA4C7A"
"Data2\map\south001\citys03\citys03.mmbZ","4633","2019-03-29 14:45:14","F03774FAA67BF5A7AFD809C90F9E24246E85B3F9D31985FBC49D8A1D4DD5DA9D"
"Data2\map\south001\citys05\citys05.mbd","148408","2025-11-22 18:45:05","85C1D61936B988CF9735FC01C4089B1701CC2384EF0DC0AE271351C5039934B2"
"Data2\map\south001\citys05\citys05.mbdZ","41112","2019-03-29 14:45:14","1FBA0BB52C401C3DB0F330693A7317D1B29BA06B4A9C0565B105753A0BDDC6A7"
"Data2\map\south001\citys05\citys05.mdlZ","7496","2019-03-29 14:45:14","94444FC6F9AEC74AEA96EF9389AD7AE5D7FEC8B05ACC03DCB71A1B4CB6182369"
"Data2\map\south001\citys05\citys05.mdtZ","1071","2019-03-29 14:45:14","EE675E74429E78AF8175129F8D26D8480B1E153E41BEDA6ECA24FCC79A30FAB9"
"Data2\map\south001\citys05\citys05.mmbZ","3526","2019-03-29 14:45:14","BA4812EF4218DC788AA660CF77B132FC17EC4A2C8C1A2E6187260D313EAFEDCE"
"Data2\map\south001\citys10\BHI_G.romZ","3768","2019-03-29 14:45:16","0BB0E4FA9380FDA5146BCCE8F1470C4BE94D408A85E72C63A6CE7959D5AE6816"
"Data2\map\south001\citys10\BHIa.ROMZ","22738","2019-03-29 14:45:16","4F51BC89B5D08A52E801F309AD36A8C1CAA45007F69A913234C33A60D93926E2"
"Data2\map\south001\citys10\BHIb.ROMZ","288151","2019-03-29 14:45:16","D68623B7B34DDD19D0F8AFD98A81643949A79821C27E81D432F3590408BE8F88"
"Data2\map\south001\citys10\BHIc.ROMZ","320691","2019-03-29 14:45:16","B79C9ECA19CFFCF5B06AF912CF22A08B5906C4DC364F84064E0C260ADB6DFD3E"
"Data2\map\south001\citys10\BHId.ROMZ","145992","2019-03-29 14:45:16","4022B813FB31C572A74A949CA682B6D79E894646458D270243638F29FBBC0DE5"
"Data2\map\south001\citys10\BHIe.ROMZ","154710","2019-03-29 14:45:16","6AAFA452AB34452342427269A41AD15AF1A7F3804D726C95E71A20F7E0DE9408"
"Data2\map\south001\citys10\BHIf.ROMZ","30833","2019-03-29 14:45:16","7C57E762D3F6708064342BA54C52E4347D195A421BC3797BBA9F141E285F4EC7"
"Data2\map\south001\citys10\citys10.mbd","113080","2020-05-21 18:11:40","7121B24606505893946DD38CA4387608F4EE554DECB3F4D77897C4B112D9731D"
"Data2\map\south001\citys10\cityS10.mbdZ","19251","2019-03-29 14:45:14","A1A2BACFB498F3C595321D938416797CE6CF3969BE8FB2EE1298C0EC66ED201B"
"Data2\map\south001\citys10\cityS10.mdlZ","3472","2019-03-29 14:45:14","40F79AB6B3178EC3DA35858837C9A923709DA8A724FEE91B7C17C009C767C3CD"
"Data2\map\south001\citys10\cityS10.mdtZ","228","2019-03-29 14:45:14","6A5351E3E6FD66DA152CCDC5D2EBDFF2082954CED265AD88114FC5688E48C514"
"Data2\map\south001\citys10\cityS10.mmbZ","2413","2019-03-29 14:45:14","D7947D7F1E5B5662FCD34FBB8435E6E9F82DD8016A5CC66AD8743B124B7D25ED"
"Data2\map\south001\CityS1Wall.ROMZ","525129","2019-03-29 14:45:16","F1BC4F5896144504002E10AA7BEA9F79AC454E190B81D9AEC4FFE2A6633F61F2"
"Data2\map\south001\COO.ROMZ","113450","2019-03-29 14:45:16","00127A6F34D02EFF53F9E50ABFF093859D88017D026F6A5C059257DD532423C5"
"Data2\map\south001\copihue.ROMZ","75974","2019-03-29 14:45:16","3E283C3587CADC12B2E6C1209C74BE7C0F613DC30E94E1315E1FD880EA53D592"
"Data2\map\south001\corp.ROMZ","64073","2019-03-29 14:45:16","75033CBE4D75C42A36BB8001C0E97A57C9AE5BDBED94237D8660801D33AF780B"
"Data2\map\south001\Flower03.ROMZ","185387","2019-03-29 14:45:32","FC425B0D84E9DF54799877F4363115BD831B4F835700FF28B7721C8821D735D5"
"Data2\map\south001\Flower04.ROMZ","79094","2019-03-29 14:45:32","EF7E3788EB65B0CCD8143D4BF2C04636C52511F450F5E392027A64F9C4891587"
"Data2\map\south001\Flower05.ROMZ","72621","2019-03-29 14:45:32","A020221BEA88D55B1CA82128346894A9054B0081C0CAB4D97F9BFC2BFCFEA259"
"Data2\map\south001\FUR.ROMZ","20973","2019-03-29 14:45:32","E59A72B40E24FFD9C609980557F30A7AEC0523FD93C1E216A763900A6B80F667"
"Data2\map\south001\GHS11.ROMZ","214089","2019-03-29 14:45:32","1B116AF987D5DEE1FB56B01BB7342C722FF6EB508DC7F5E0F4A64EE144217854"
"Data2\map\south001\GRA01.ROMZ","24187","2019-03-29 14:45:36","7BBBCF09A87447A0F32891B9949D962DE1BCFD4E4089F0C12A9557DCC677F426"
"Data2\map\south001\GRA02.ROMZ","25809","2019-03-29 14:45:36","1B05C28C078088C9A70A4833CDBA9490DF64D70A97E977E86C4C3914866E4BC1"
"Data2\map\south001\GRA03.ROMZ","16627","2019-03-29 14:45:36","E998EBFB92221361269E13DDFB53E6B9C41157433AC85E21CB185F21A6BF3DF1"
"Data2\map\south001\Hill01.ROMZ","1539958","2019-03-29 14:45:36","F8CB7FC6CE9E2561B74C47D5D62565A6ECF6FFF71C9A301A949E6EB581FE31EB"
"Data2\map\south001\HOR.ROMZ","100180","2019-03-29 14:45:36","A2A666311F40EDCCCF6CA9C18C3026ECA5CF7341133760D820CC7C0C21915CEC"
"Data2\map\south001\indoor\ARMOR.hmdZ","264","2019-03-29 14:45:12","0B4506F51DE5A3DD491BCEB0128B90CA2456D30DCF7405B399FAAACD3261F18F"
"Data2\map\south001\indoor\ARMOR.ROMZ","144001","2019-03-29 14:45:16","075850357FAFD85C7E973C81FFCEC8B6BCF5FF5FBDCA1F88D1557CAAC023C62C"
"Data2\map\south001\indoor\Book.hmdZ","327","2019-03-29 14:45:12","69B3F0D18B76DFED94C7B21B1BC40D2F43C345AFEC405AA45FFB20AA0F3EBDC7"
"Data2\map\south001\indoor\Book.ROMZ","287122","2019-03-29 14:45:16","FC4EC591FB9BA59789E218A5AC02A19A1924838B6A62565E7CDFD4C19DC284E1"
"Data2\map\south001\indoor\Conver.hmdZ","319","2019-03-29 14:45:12","8B08726C21A36FE598DE3D13DAE117E400B23B713A23ECDED9B57144DF6AA8E2"
"Data2\map\south001\indoor\Conver.ROMZ","162432","2019-03-29 14:45:16","EB6B38996C471BFC116BB996B455C5A6B8DC16A41C240CB7CA987EDE050C3CD7"
"Data2\map\south001\indoor\GAMBLE.hmdZ","777","2019-03-29 14:45:12","68A4BD9D4EFB470447D09814E89818C3651F2BAEC8122A71EBD218B9ED78D5B0"
"Data2\map\south001\indoor\GAMBLE.ROMZ","320860","2019-03-29 14:45:32","C4863C85CAEE20F6C8AFE27CCB5C44C4F3E6CFA3914275C5DD075A31442BE36E"
"Data2\map\south001\indoor\Gold.hmdZ","297","2019-03-29 14:45:12","F84962696DD4E00B3FABFA424B7E5A5D2C464500DDB8D16FA8EC01D30AC4601C"
"Data2\map\south001\indoor\Gold.ROMZ","138426","2019-03-29 14:45:36","616537D760FAE962B8166599B3D8C76D3ABA653D20B245BA9C62645090864A6E"
"Data2\map\south001\indoor\groceryR.hmdZ","328","2019-03-29 14:45:12","DF0FD42405BAB8C644956353C4248F5DCFB8E7AD8EA2DD5527E9A58993B28898"
"Data2\map\south001\indoor\groR.romZ","224375","2019-03-29 14:45:36","E7EDDD48EC2FCB48D8AD53C86882AC2B6DC56930B85CE98BB6A9B837C403C5A9"
"Data2\map\south001\indoor\HardwareR.hmdZ","327","2019-03-29 14:45:12","563727BAFD9AF37532F60122FD7A30586106892B00049676977C161C765A90ED"
"Data2\map\south001\indoor\HardwareR.ROMZ","209539","2019-03-29 14:45:36","F2080D79AC9A31C943E0BC67E91FD7782A8579F2C74DECF738AFBF31B01D6229"
"Data2\map\south001\indoor\Herb.hmdZ","295","2019-03-29 14:45:12","72C475E8245BAB5CAE53416A5BDCA2B838B348ED2BD4FBB6D083B2663D5493D2"
"Data2\map\south001\indoor\Herb.ROMZ","216193","2019-03-29 14:45:36","81203D49FE25BE2A4DE2FB0F871B287CEC738C3D4CCD735D301E7054707CB1FD"
"Data2\map\south001\indoor\HLL1.hmdZ","510","2019-03-29 14:45:12","8C67ABC811CE7485D6EF611FCAF40AB27E926416FAA07CAE83C1F6988BC914B6"
"Data2\map\south001\indoor\HLL1.ROMZ","185719","2019-03-29 14:45:36","E8996EEC8CE03939B41682F5CF404D51F429DADAB7E7A2CBE011E7963E23BA01"
"Data2\map\south001\indoor\HLR1.hmdZ","538","2019-03-29 14:45:12","DE11D838AF9EB23198F5402944B4C8F96957A6C260D4989EEE677F9DF7A1F942"
"Data2\map\south001\indoor\HLR1.ROMZ","189169","2019-03-29 14:45:36","E2113BB553CA74717B6A248DF8A6D29FAD9730758574193D5BA3AF9C09B0FF59"
"Data2\map\south001\indoor\HSL1.hmdZ","311","2019-03-29 14:45:12","CA777AEC6F367021A76A67384D9738042F0AD64E05B16821D2FCFB4555A7135A"
"Data2\map\south001\indoor\HSL1.ROMZ","123734","2019-03-29 14:45:36","ABC727E49D62A7D059852C9644BF82790CF19A4E0BDE54BB28F52BF2A2A98645"
"Data2\map\south001\indoor\HSL2.hmdZ","315","2019-03-29 14:45:12","2FB879D0F6CAAFD1D6AC0125354EED499977609F4BD93C507D93D3CEBBE227A2"
"Data2\map\south001\indoor\HSL2.ROMZ","123013","2019-03-29 14:45:36","A2A2ED4D6B3F238CBCF1758E742AD01619E8FB5DA764A8358291189C1F4A6A20"
"Data2\map\south001\indoor\HSL3.hmdZ","357","2019-03-29 14:45:12","D1472ADA97549C3AAFE433186EC42DED5E0FB41736EB4BEC7D92829A71A7E1C7"
"Data2\map\south001\indoor\HSL3.ROMZ","121094","2019-03-29 14:45:36","25437653E0E21063C924894C6357127033C19E30EA062B560BBAB9B8D37B89C3"
"Data2\map\south001\indoor\HSR1.hmdZ","253","2019-03-29 14:45:12","03F600F626ADD53DCB685211100529F2B6249247B674CF323220DCE83733A7C5"
"Data2\map\south001\indoor\HSR1.ROMZ","124560","2019-03-29 14:45:36","355375CEA11806F72B07F5314CD904A636EB7CD9FBE40A973EBBE4FC05A77148"
"Data2\map\south001\indoor\HSR2.hmdZ","301","2019-03-29 14:45:12","9C82E83201F554364E828C6B1F0013AFC4EA38DE29A5C35EE968FE9391FB05B0"
"Data2\map\south001\indoor\HSR2.ROMZ","124688","2019-03-29 14:45:36","2C544B87534A8BACD559A245F7723894F498F88D8B44A705A811D23617C0B401"
"Data2\map\south001\indoor\HSR3.hmdZ","299","2019-03-29 14:45:12","E6EC4262E4AAE497FB7D602A219801E9A28FBD679B08E919B3DA6CEB232D021E"
"Data2\map\south001\indoor\HSR3.ROMZ","124086","2019-03-29 14:45:36","1780D4111C8886BC6E8D2C77059EB3E88F2A7A624FB04EB2BDEFE752A40BC9E8"
"Data2\map\south001\indoor\Huang.hmdZ","400","2019-03-29 14:45:12","B28EC0A1F62CA6A8B6581B52A8CCE7F13815733CD3A643124FF8DD9714C0A7A9"
"Data2\map\south001\indoor\Huang.ROMZ","243746","2019-03-29 14:45:36","949DE6351CA4346AE8F7CD8FC4E31F9A467F8A35664AB7B6FA85D5C9BD56A99C"
"Data2\map\south001\indoor\Kitchen.hmdZ","297","2019-03-29 14:45:12","40AE739E5E2F30051AE6CA56F9ECA731BDF98EE9AC20C72FCC0A771B3E07E098"
"Data2\map\south001\indoor\Kitchen.ROMZ","187109","2019-03-29 14:45:38","C0E3D9A0BC6F2128CCE57A1FD6F812470F6F432F7F002A450F70C08B8DDC8DA1"
"Data2\map\south001\indoor\LHL01.hmdZ","689","2019-03-29 14:45:12","06AD2C96E252ED7F2FDCF5C60142675C172751919A26F73CEB4F7910C9CF9F60"
"Data2\map\south001\indoor\LHL01.ROMZ","271114","2019-03-29 14:45:38","D2DA11AC212E2E0897FFAD9410C1084376D39368771AA0FEE5C0BCC4C45BA59E"
"Data2\map\south001\indoor\LHR01.hmdZ","671","2019-03-29 14:45:12","C3CE3DCD4603DB908F42E566ABE971B7ACCDB8C9A3EFB1ECFBFBAC1FDB26591F"
"Data2\map\south001\indoor\LHR01.ROMZ","267106","2019-03-29 14:45:38","08E2801734A7D3256CAE4C65BBC0303FDB0E7852578C460A7D2CCBE4FB49FB16"
"Data2\map\south001\indoor\Mayor.hmdZ","611","2019-03-29 14:45:12","856ED6377E1EE7C77D701874D93552DAFC29F900165A5FBBC1ADFFC22628E9AB"
"Data2\map\south001\indoor\Mayor.ROMZ","575495","2019-03-29 14:45:40","D2EF0CD0AC6CB187B2AFEFF8125770AFAFCD7F960C9F75EE18B5DCFFC5BF34CA"
"Data2\map\south001\indoor\MHL01.hmdZ","375","2019-03-29 14:45:12","206955DD42CE391DDF244E803ABBF3041A368F53B7529F21CA9EC1DADE46C935"
"Data2\map\south001\indoor\MHL01.ROMZ","228550","2019-03-29 14:45:40","D78C6363140626C45B3A30CB365CA26EBCE2AB515FC09DCCE3F9849B273C953E"
"Data2\map\south001\indoor\MHL02.hmdZ","755","2019-03-29 14:45:12","9996E7DE17C17A56850AEBA4A009EDADA7343AB776E16EFEDD70F79AA4AB9C3C"
"Data2\map\south001\indoor\MHL02.ROMZ","313121","2019-03-29 14:45:40","C6E3DBB9858D120EC707DEB54DE34D6759EC6EE69651DABFAD64C3EC965E4293"
"Data2\map\south001\indoor\MHR01.hmdZ","689","2019-03-29 14:45:12","D4C6B2497EEC291CAF86E0421FC6B4C804F301DA3567312548C82F8DEEC45122"
"Data2\map\south001\indoor\MHR01.ROMZ","308019","2019-03-29 14:45:40","D9EA77DEDFA19D66BE0F288CC69CEF6FFC699D07D6BBAB5B7DE6E6A7A5573A4A"
"Data2\map\south001\indoor\MHR02.hmdZ","526","2019-03-29 14:45:12","352C440AA737C2FBD4B9CADFB7471717FB946724E6B25F8A62E6BF59BBD86513"
"Data2\map\south001\indoor\MHR02.ROMZ","273750","2019-03-29 14:45:40","C1E5508BB98C66056E16CA417CE1AB8B25234021631AC4F20BA8CA53920EBA90"
"Data2\map\south001\indoor\OFFICE.hmdZ","879","2019-03-29 14:45:12","E90B07D5AE912E91DF83CB7538051F6CF9B696A51D1FF2BA70EAD5A3BD21A5DB"
"Data2\map\south001\indoor\OFFICE.ROMZ","297240","2019-03-29 14:45:42","2B6D7BD2C31CD78B4C4B24664B09B96286189E783909D3FB32BF913188C11C55"
"Data2\map\south001\indoor\OSHL01.hmdZ","202","2019-03-29 14:45:12","1DE34F778B2F36F9CA23993963B137E185D1C7B41DDEDBCC0B883AB45E2DDCDD"
"Data2\map\south001\indoor\OSHL01.ROMZ","94629","2019-03-29 14:45:42","5C5243145118E07B7F07A174090B6B68AAAA867372123EFA271D8BC2C37E7A66"
"Data2\map\south001\indoor\OSHL02.hmdZ","293","2019-03-29 14:45:12","283F0353B2563A308252B6716627C5B97E51143532001DAFB3419D9A58BAB4CF"
"Data2\map\south001\indoor\OSHL02.ROMZ","94042","2019-03-29 14:45:42","59345BA2BF028D8D8D9429907BABE093DF2299D39F6537C1EBC028599DE51F49"
"Data2\map\south001\indoor\OSHR01.hmdZ","198","2019-03-29 14:45:12","BBAF134C73CDEECF5C28C5DFBD70C495AA7F3B2C6327B0F174CCC82341E700B8"
"Data2\map\south001\indoor\OSHR01.ROMZ","94272","2019-03-29 14:45:44","2FA526434B32E5FF6B3DD9D2C4FA03F508B3883783CA21D9515092A68036F557"
"Data2\map\south001\indoor\OSHR02.hmdZ","261","2019-03-29 14:45:12","85B758C0996F5F19340F8680101BF7FA1C4BE4ADC9FF85C615F3AFB80B74055A"
"Data2\map\south001\indoor\OSHR02.ROMZ","95556","2019-03-29 14:45:44","E3860B026853D06225B946BAE8559D0AEAB06C0EDF73004E9F5699FE5E41037C"
"Data2\map\south001\indoor\SHIP.hmdZ","323","2019-03-29 14:45:12","6E33FBFD211EC2FB71428BC373F2866F93C8B0B96F4159EF8D8E5C8873DBEC30"
"Data2\map\south001\indoor\SHIP.ROMZ","155566","2019-03-29 14:45:54","BC6FEC54047234D0634D297887B0176DD439CFE209E5C36F5B0E83E875ED13B4"
"Data2\map\south001\indoor\SHL01.hmdZ","398","2019-03-29 14:45:12","AF2D907E81057F70920B3786E77FF68042B3A59ABBA48D28CEBC7B80ABBAE403"
"Data2\map\south001\indoor\SHL01.ROMZ","109202","2019-03-29 14:45:54","E45BD0C765171A626489C63038BA035BAB25D819476678C95D44EFF6600866FA"
"Data2\map\south001\indoor\SHL02.hmdZ","492","2019-03-29 14:45:12","910051CFED6B62ADD3B8C5CDB2DEF6ACE6428A993DF0AE1040483E888273C6DD"
"Data2\map\south001\indoor\SHL02.ROMZ","114276","2019-03-29 14:45:54","E06A58EBD0057DE0645624CF921FD15E9183CF157035B02268BD8506BD78FF8A"
"Data2\map\south001\indoor\SHR01.hmdZ","367","2019-03-29 14:45:12","42966DCF5233AD76F3DBC4BA7678C705847C0247BA2D8E126F1FF3833521B93E"
"Data2\map\south001\indoor\SHR01.ROMZ","120367","2019-03-29 14:45:54","FE2F39A222771C13DAB41A3BC38613837286639B2127FBE3D3D8C3B668173A8E"
"Data2\map\south001\indoor\SHR02.hmdZ","419","2019-03-29 14:45:12","F2510CB3F49345DD0CB2D388AC4F630EAD368E6CEF1D21EC6AF5504928C232E1"
"Data2\map\south001\indoor\SHR02.ROMZ","112906","2019-03-29 14:45:54","2F3A6AF97B5D8672E18A686F31DED4384BE743C2A0529EB236DADA2A8546B208"
"Data2\map\south001\indoor\STUFF.hmdZ","274","2019-03-29 14:45:12","5EE406D6CC7032B3B0E8C6DE3CE2F582D18CBF3A43AFEB7517BC29CFFD3FE33E"
"Data2\map\south001\indoor\STUFF.ROMZ","121164","2019-03-29 14:45:58","D076AF81F9B6F931579E1232A4DDD624217C6CA23D1EC14C20A5534836855A45"
"Data2\map\south001\indoor\TP_Nor_L.hmdZ","457","2019-03-29 14:45:12","B5201259F272C6039069D0DBC7F4BC404AE61D59899C508B6E81E913BA24EFAA"
"Data2\map\south001\indoor\TP_Nor_L.ROMZ","153443","2019-03-29 14:46:00","AA992EC90223A6F487B8220EB4DFFBE3CE8D5B2B6B7683D457A65FFA5C4D0220"
"Data2\map\south001\indoor\TP_Nor_R.hmdZ","459","2019-03-29 14:45:12","CCE0A099D4264B73A7DB54DF6C5EE7D159B52C8F0DF4C4966D2F4C37A578EC82"
"Data2\map\south001\indoor\TP_Nor_R.ROMZ","154054","2019-03-29 14:46:00","F31621025287E352C38D197E10576BBBDFA68AA7C51C91E7F651122A2B54241E"
"Data2\map\south001\indoor\Wine.hmdZ","272","2019-03-29 14:45:12","56D153E63A444694DA87002DD0FECF2E7D7F2818E9525BC3BAA1BAEFD538FC6C"
"Data2\map\south001\indoor\Wine.ROMZ","154231","2019-03-29 14:46:00","9D323AF2431F7DE3FB73F717D6891490A4B2AA67E9591838CD5972BF4E002566"
"Data2\map\south001\IO_S.ROMZ","380","2019-03-29 14:45:36","58CF21296FB069A1EEDDA685506871C1A7C5528C5459AA8D11BBEDB32766C52A"
"Data2\map\south001\Le01.ROMZ","169304","2019-03-29 14:45:38","12F63B09227DECFC677805F8ECC073E9B44D68DF3DA74B172E385549823506F0"
"Data2\map\south001\Le01SHA.ROMZ","173050","2019-03-29 14:45:38","62FD910976B01C1932642CAA093CE7F4B56657A7E6C1A50750144DCA0C709BF0"
"Data2\map\south001\LIN.ROMZ","1438927","2019-03-29 14:45:38","DF5CB28BEB6A391EBDE409E21062A4C113813896BC85DFFA42CF8D4F355E6ACF"
"Data2\map\south001\mazes03\BANDIT_G.romZ","378403","2019-03-29 14:45:16","6AD3D0339B092F1AA010642EABD88E833AC8B58A3F5415E46A300D1F06D7B4AB"
"Data2\map\south001\mazes03\BANDIT_M.ROMZ","959516","2019-03-29 14:45:16","5092EBDF33C22317D12BA68C8F6EADDE2AD5F069563C7B0604AFC9EF5ADB8046"
"Data2\map\south001\mazes03\mazeS03.mbdZ","60527","2019-03-29 14:45:14","749EB912B522C59C026B90C7354F51B6512C38E3F3DE4FE94EFEA9400770DDE8"
"Data2\map\south001\mazes03\mazeS03.mdlZ","5164","2019-03-29 14:45:14","5C9DD21299696B904A4E97E323AE85D180CBC9CCEC1BDA651F9921F948D97388"
"Data2\map\south001\mazes03\mazeS03.mdtZ","297","2019-03-29 14:45:14","D91952CDC0B7273D109B825C38E4041096AFC45981BFA71DB35C1860C82BF889"
"Data2\map\south001\mazes03\mazeS03.mmbZ","5560","2019-03-29 14:45:14","861FAB547C7921AB768085536B05285D8AFD4858A182CE0766E5979CD195F343"
"Data2\map\south001\mazes03\STUFF01.ROMZ","131186","2019-03-29 14:45:58","585BB2FA45B28CD471C87B717BB4B1DBCEF865515D07DBF8EDFC15033F2C652E"
"Data2\map\south001\PH.ROMZ","141765","2019-03-29 14:45:44","36790C6EF289FAA34FF1F355A77DAF6A5A04575662B42441DC81C77EF2409126"
"Data2\map\south001\PIT.ROMZ","66154","2019-03-29 14:45:44","0C28475AB7B6250741FA3AF6CE1740AB8875DBACAFFA230726E3367DD5119B7B"
"Data2\map\south001\roads01\ROA.ROMZ","358735","2019-03-29 14:45:52","AE3625A9A11077A3F5414712788CDFDC0B21EF756D12875065C94AF576756271"
"Data2\map\south001\roads01\roadS01.mbdZ","30327","2019-03-29 14:45:14","706EB8C6203D9D2A6AF815CF730CD2CBCD809C1011D32F6D68D18EBC8193254C"
"Data2\map\south001\roads01\roadS01.mdlZ","6635","2019-03-29 14:45:14","93C4F4023DC3951D009460A175D142C23F4548A2E58DB6A1A31968A8B4FAA9E0"
"Data2\map\south001\roads01\roadS01.mdtZ","1071","2019-03-29 14:45:14","03F8ED4473F24A2DFD1D9E4D316DC4D6D3DB4DCE82506B5ECC1D28C733503996"
"Data2\map\south001\roads01\roadS01.mmbZ","3596","2019-03-29 14:45:14","C4D7893EE9F3F92FD0987806914D23B766606C9CF7FE499C9B74FA543D12220C"
"Data2\map\south001\roads02\ROA.ROMZ","358735","2019-03-29 14:45:52","AE3625A9A11077A3F5414712788CDFDC0B21EF756D12875065C94AF576756271"
"Data2\map\south001\roads02\roads02.mbd","180200","2025-11-10 16:24:15","9FADBC6DC46245292089C7E140B25CD1A33ED678A0B9CF24223F877B27365027"
"Data2\map\south001\roads02\roadS02.mbdZ","34956","2019-03-29 14:45:14","F25E93A4BB643F5A0D54575385D416E19542CE92370D648A6EF2E7E23E6F1F08"
"Data2\map\south001\roads02\roadS02.mdlZ","7552","2019-03-29 14:45:14","91F659B186E6D1639F5C7033E18A4326B97FF75D5C08CC22503FD655CFD40F07"
"Data2\map\south001\roads02\roadS02.mdtZ","1071","2019-03-29 14:45:14","03F8ED4473F24A2DFD1D9E4D316DC4D6D3DB4DCE82506B5ECC1D28C733503996"
"Data2\map\south001\roads02\roadS02.mmbZ","3762","2019-03-29 14:45:14","4BE5F0FA5DF623726D7B15AFB614C699817C29AD8FDEF60D6CEB58C7176419DE"
"Data2\map\south001\roads03\roadS03.mbdZ","28536","2019-03-29 14:45:14","9C734A6E5C08841D2F32C947F2D23FD6B01326730EE333E2C669F7B7C53072F6"
"Data2\map\south001\roads03\roadS03.mdlZ","7546","2019-03-29 14:45:14","9F5B83AC4BB4AE50233772FD58E6FED844F99DC952AD74BB2AA4FDAC388A206E"
"Data2\map\south001\roads03\roadS03.mdtZ","1071","2019-03-29 14:45:14","03F8ED4473F24A2DFD1D9E4D316DC4D6D3DB4DCE82506B5ECC1D28C733503996"
"Data2\map\south001\roads03\roadS03.mmbZ","3542","2019-03-29 14:45:14","504F5DA93576A36B834EC2E20253C5EAA9699362B712C61DAAD7861322BE3B82"
"Data2\map\south001\S011_D.romZ","956622","2019-03-29 14:45:54","4941922CA7DA96DD9D87C0494D40059B07FE7341D3AC8FE6D5E6AA4CAF740369"
"Data2\map\south001\S011_DG.romZ","945375","2019-03-29 14:45:54","6AE975A836D99DB1C852913C574E294D6414E7CC7B054C007BFA35BE212E5FC5"
"Data2\map\south001\S011_DS.romZ","518176","2019-03-29 14:45:54","AD3A311036A8336B5F65E5DA08E4E75BDDA0C870867D0F56054B4286B5353B0F"
"Data2\map\south001\S011_G.romZ","908051","2019-03-29 14:45:54","B2E0948C85AE1AA7A396433E0F72ABF85680C933981E052ED0592EACD09BCEC9"
"Data2\map\south001\S011_GS.romZ","461825","2019-03-29 14:45:54","CADBDDFE4F63AD1837F1FD837FB35D3878C097918F30AE6B089CB8E1F443AC0A"
"Data2\map\south001\S011_S.romZ","197945","2019-03-29 14:45:54","88BA5D67ADBC273FCAD3CB0FE6DAFECD13E39CA6653C7A3D7ADBE4B13B71AA15"
"Data2\map\south001\S011_W.romZ","862865","2019-03-29 14:45:54","FE73CA9B8A6FAECC0D99A298AAA598F075F21072231F360BFA72568CD3F27CC8"
"Data2\map\south001\S11OH.ROMZ","162424","2019-03-29 14:45:54","3B3B49A84862D330820DDA2EC553C007FD93884D1A22F066EEAFF88AB95AD345"
"Data2\map\south001\S11STO.ROMZ","272937","2019-03-29 14:45:54","07AD43080D4278080BE7A2B544314476E0363210B27FFD81F81EAD4D012D5BBB"
"Data2\map\south001\snuflower.ROMZ","105984","2019-03-29 14:45:54","EBA4F2BBD65568FE8B81B42E2482968F90D0DEC73187B85A67136C903161AA01"
"Data2\map\south001\South001.can","3564","2019-03-29 14:45:12","0B40D96F61E7FD20BF6081BD627553C5538BC8487C89F29CD5BD7DC6E9A1CB48"
"Data2\map\south001\south001.mbd","4102684","2019-05-30 14:58:34","867874FC1505B4FD3148BB82F5C04D380E04B9D32F71F408366799954DE65483"
"Data2\map\south001\South001.mbdZ","1151980","2019-03-29 14:45:14","11D1913A122DC325413C5F4E89E98CD90FFE3BDB8F9A522FCBFD95E58FDE5150"
"Data2\map\south001\South001.mdlZ","164769","2019-03-29 14:45:14","AEDCDCA1E20C99C7CB917C2A328881F1AFB37F4820D2CFD8E6E557A57D19DAB6"
"Data2\map\south001\South001.mdtZ","1070","2019-03-29 14:45:14","4CC54D2D0E58992492CB9F9A3E2F143AB28567CE29E25C281AA5CD99ECDD34F5"
"Data2\map\south001\South001.mmbZ","99549","2019-03-29 14:45:14","ED76FB4FB1BE606016D7FE38A4D23B7141312794995AC0441DA6F4F20D6E5F85"
"Data2\map\south001\ST1.ROMZ","83006","2019-03-29 14:45:58","EF1BB0D6648795C9917DCB0B1627BB9836EB75FE41AA63516E9D6B6247909AB4"
"Data2\map\south001\ST2.ROMZ","78323","2019-03-29 14:45:58","3C55E9F059E49E616DAF32003E602D8D7A12C1A33FC1E32E91C8F5ADE14488A2"
"Data2\map\south001\StoBri.ROMZ","364968","2019-03-29 14:45:58","B8E0E10F8871FB07EB4033B886619216C2FE64A7345494ABFCE1099AE90269CE"
"Data2\map\south001\Ting2.ROMZ","44303","2019-03-29 14:45:58","1F861A0E36489A0709493E143E92A8D40B47FFCA5FDFE573E05F290A59CCC0D5"
"Data2\map\south001\Ting2b.ROMZ","64402","2019-03-29 14:45:58","88D19821677598FA2A0300A72E78152518FDAA048D0B324CBA3C693D84E6C9A3"
"Data2\map\south001\TP_Huang.ROMZ","241723","2019-03-29 14:46:00","A8367B1F61744918C98F67C73C8D6320541BB0082B1D2AEBA6777FBECEC5913D"
"Data2\map\south001\TP_S01.ROMZ","302205","2019-03-29 14:46:00","53BE9E5ADCAE88CC64D8A0A31477AE3B6ECD7B6A08B69FBBE319218DF514B13F"
"Data2\map\south001\weed.ROMZ","185347","2019-03-29 14:46:00","35EA3A6934ADB7A6C582904417E6595F61F29009C89E8BE40BA4D5CB2C816F3B"
"Data2\map\south001\weed02.ROMZ","48858","2019-03-29 14:46:00","13611189217B9FDE0041A95C90BD4A202CBC9EC7884D2874F46423DDD69CD873"
"Data2\map\south001\W-G.ROMZ","1729406","2019-03-29 14:46:00","052153D50A5D9D8FBEF92A803F358CAE31B277A957D94FAF3ED140176C950D33"
"Data2\map\south001\Wood01.ROMZ","125281","2019-03-29 14:46:00","146F0B711202E1671BAFC2873C860D037E8FBAF74493F142973824D52B0EA104"
"Data2\map\south001\Wood02.ROMZ","638212","2019-03-29 14:46:00","68DEA7C6C65A2EF26411EABCA341A07D8BC3C83A413A00045D236D5156AD096C"
"Data2\map\south002\4Btree.ROMZ","3277539","2019-03-29 14:45:14","15A7B813A219355A54B45FD24CFC902B99CF56DA4AA9EC38C0BE4DAC410F518A"
"Data2\map\south002\4tree\4Tree.mbdZ","121018","2019-03-29 14:45:14","88DD01DDD7FA931170A2D0DB98A9DE4DE55655D10728B0DF018D7DBB01B20894"
"Data2\map\south002\4tree\4Tree.mdlZ","6994","2019-03-29 14:45:14","8F9BCF25D79312A5903DBAE7550A6E23149F4FAF01D13BFDD91E0B8A0EAE3335"
"Data2\map\south002\4tree\4Tree.mdtZ","350","2019-03-29 14:45:14","D5F964DB4FEB7B1F32EEDE205450CE658FF5BE8DF9741EF11EDBA69C77F4E3AE"
"Data2\map\south002\4tree\4Tree.mmbZ","11005","2019-03-29 14:45:14","EA180CD85BB9461E0B887BB6086A6C2264A0D9E9E2191C709ED67ECB367B1E9B"
"Data2\map\south002\4tree\4Tree.romZ","821655","2019-03-29 14:45:14","CEB6AED901622E83D017039E2FF1AEFB4B1E0CE4E4A3F3439455B6DDFA51D987"
"Data2\map\south002\4tree\4TreeM.ROMZ","1896087","2019-03-29 14:45:14","4079B6D29DDD55B3359FEE4786D812DF39225BF2697A841EA78D982094E16260"
"Data2\map\south002\4tree\4TreeT.ROMZ","313056","2019-03-29 14:45:14","621B7B745A1D1FB7E3619D689D6C35BAD32A5E283E93210DAFDAB3DE10CD3340"
"Data2\map\south002\4tree\L3C12.ROMZ","542347","2019-03-29 14:45:38","5EF585F56FF4A0740D3866884E6611C22B51557FF054066013B421D8294E24D3"
"Data2\map\south002\BAR.ROMZ","30614","2019-03-29 14:45:16","191AB0CC6E8FFFC8AEFD5497E1C9FEB8E4963919D873FFA633AB9C0293C20307"
"Data2\map\south002\BASE_M02.ROMZ","204115","2019-03-29 14:45:16","0A24593E32B3CE4D191E9089F954ACF3DF813F532B678BAE6B508D5780C1A715"
"Data2\map\south002\BASE01.ROMZ","204937","2019-03-29 14:45:16","574A2DEDB8A266E4EFB2411FFF0F8156FD613E29C1E4EC213CE0CD3464B8EDEF"
"Data2\map\south002\BENDER01.ROMZ","262280","2019-03-29 14:45:16","AC81F158829DEF393C22561775C75B2A2D2B42FC9029E36C25DDA3E02F2AEDC4"
"Data2\map\south002\CAR.ROMZ","78239","2019-03-29 14:45:16","9224B44992269C90ACC902727F9A0964EB933E7A28A35438CC2DE4F2AF203158"
"Data2\map\south002\CAVE01.ROMZ","126273","2019-03-29 14:45:16","6528A348C735C4637434BDB3D33D8C7F8175C9AC4BC34CA00C17E0854F3C1A9B"
"Data2\map\south002\citys02\CGod.ROMZ","37701","2019-03-29 14:45:16","9A5A9360D1EA050EBEB099E7BA4E70D1B29C5059AEA92D0A8A14F6B23F0C1F2F"
"Data2\map\south002\citys02\citys02.mbd","508624","2019-05-31 16:11:48","D6487271635060AB4E3EEFC34617BFB7D3AA2D0E9433D45BB5B8103D8712D0D9"
"Data2\map\south002\citys02\citys02.mbdZ","123673","2019-03-29 14:45:14","69EA6113B18F7851E99C9D65BE83601807A7485D8A2410383F8C059F8795C65A"
"Data2\map\south002\citys02\citys02.mdlZ","15295","2019-03-29 14:45:14","CF97D0114F636DA64D01069B020E9BD290A13E3F13D74960255987D36807E306"
"Data2\map\south002\citys02\citys02.mdtZ","877","2019-03-29 14:45:14","07C26E38145322416145850AED7E0E62CE9AEDC39550D069446E6002B007392F"
"Data2\map\south002\citys02\citys02.mmbZ","8550","2019-03-29 14:45:14","B766DBF85B2A2B81B264A92B8AC1C5DEF857DD480C5CBF7FBE2B97DB19E5CA22"
"Data2\map\south002\citys02\DUE.ROMZ","577077","2019-03-29 14:45:18","6235FB547845E92780A04ED5213EB096FEA51A139F84830915F7853EEAB743F8"
"Data2\map\south002\citys02\FUN.ROMZ","702071","2019-03-29 14:45:32","5E857383F53FD1B86C7DF4040AAA10C286A95F6F90306AA7F5BC0A044C3BF2A7"
"Data2\map\south002\citys02\HOU.ROMZ","334217","2019-03-29 14:45:36","98663DC6497621034ED3BDFD59672C6FE5AB1B778E5F2E1CFFB946FBE3E43C65"
"Data2\map\south002\citys02\OTH.ROMZ","569316","2019-03-29 14:45:44","3D322BC65DDCA49A8E950A3D703849BB3D3614E964E406F88F86956D8A223CB7"
"Data2\map\south002\citys02\TON.ROMZ","119170","2019-03-29 14:45:58","D8561786CD232D1218C9348A96547025F0A04F3E694ECEE7AA548739CE833F6B"
"Data2\map\south002\citys02\TP_CityS02.ROMZ","10651","2019-03-29 14:46:00","05EC4F031919F9C002C929919EB12B0060D87F028AE3A2E3667429B9D0BD7BCB"
"Data2\map\south002\citys09\citys09.mbd","204928","2020-05-22 09:59:54","D24415834DDD89DAA86E86837FB049EF44FD1FC00994F723C06682A896136960"
"Data2\map\south002\citys09\cityS09.mbdZ","51519","2019-03-29 14:45:14","E39BC836C9BFBB5700B664CEC8F5DE0FA413CC1F9ADA103341C717F6DAA1CEF0"
"Data2\map\south002\citys09\cityS09.mdlZ","14143","2019-03-29 14:45:14","CDC85743F2B0364C6EDB83898A10E01872B97E6E9DD92CC6085A6DBA19276AA8"
"Data2\map\south002\citys09\cityS09.mdtZ","878","2019-03-29 14:45:14","8F5791DCF5D6ED608185A17EE11B6E69D33D7DCDD386B2FFDEC3F52FE51947E3"
"Data2\map\south002\citys09\cityS09.mmbZ","4409","2019-03-29 14:45:14","0E1383721ABED1049329FFE68224763982DCB0C1616443308AC8F2311B3D3321"
"Data2\map\south002\COO.ROMZ","113450","2019-03-29 14:45:16","00127A6F34D02EFF53F9E50ABFF093859D88017D026F6A5C059257DD532423C5"
"Data2\map\south002\Flower03.ROMZ","185387","2019-03-29 14:45:32","FC425B0D84E9DF54799877F4363115BD831B4F835700FF28B7721C8821D735D5"
"Data2\map\south002\Flower04.ROMZ","79094","2019-03-29 14:45:32","EF7E3788EB65B0CCD8143D4BF2C04636C52511F450F5E392027A64F9C4891587"
"Data2\map\south002\flowernew02.ROMZ","61483","2019-03-29 14:45:32","5C7CEE3484508B19BEE4A63DB8F94987D96E96093AF2990E0E6A2C753AA075FA"
"Data2\map\south002\FUR.ROMZ","20973","2019-03-29 14:45:32","E59A72B40E24FFD9C609980557F30A7AEC0523FD93C1E216A763900A6B80F667"
"Data2\map\south002\GodHouse.ROMZ","316172","2019-03-29 14:45:36","40431569FB8A1D1914AB41B2BCF19C77B138992B6DF31B5ACBA691DC3640B912"
"Data2\map\south002\GRA04.ROMZ","26993","2019-03-29 14:45:36","0DE5FB3B71F28E0458879A91E89DF4480C607C3628D6161809BD00CC737FBDD1"
"Data2\map\south002\GRA05.ROMZ","13276","2019-03-29 14:45:36","43309BB418E967E85504126FE943C3FD70D25B8ACABE6F8C47A6F358A79798E3"
"Data2\map\south002\Hill01.ROMZ","1540348","2019-03-29 14:45:36","5D119B351FA3178D17DF0AA349E7AD6D01C2AE73E408BD1A845EF6D69DE44148"
"Data2\map\south002\indoor\are.hmdZ","974","2019-03-29 14:45:12","5C5DA95575C94DBE351E4343F34B5A8253927C89BDA135431AEA54DF7D9D44E2"
"Data2\map\south002\indoor\are.ROMZ","2977615","2019-03-29 14:45:16","A8FEADDA4A629E19D287FAE8982BA24A50E0AE8029635DD4B74F3ACDE4C0180B"
"Data2\map\south002\indoor\ARMOR.hmdZ","264","2019-03-29 14:45:12","0B4506F51DE5A3DD491BCEB0128B90CA2456D30DCF7405B399FAAACD3261F18F"
"Data2\map\south002\indoor\ARMOR.ROMZ","144001","2019-03-29 14:45:16","075850357FAFD85C7E973C81FFCEC8B6BCF5FF5FBDCA1F88D1557CAAC023C62C"
"Data2\map\south002\indoor\Book.hmdZ","327","2019-03-29 14:45:12","69B3F0D18B76DFED94C7B21B1BC40D2F43C345AFEC405AA45FFB20AA0F3EBDC7"
"Data2\map\south002\indoor\Book.ROMZ","287122","2019-03-29 14:45:16","FC4EC591FB9BA59789E218A5AC02A19A1924838B6A62565E7CDFD4C19DC284E1"
"Data2\map\south002\indoor\Conver.hmdZ","319","2019-03-29 14:45:12","8B08726C21A36FE598DE3D13DAE117E400B23B713A23ECDED9B57144DF6AA8E2"
"Data2\map\south002\indoor\Conver.ROMZ","162432","2019-03-29 14:45:16","EB6B38996C471BFC116BB996B455C5A6B8DC16A41C240CB7CA987EDE050C3CD7"
"Data2\map\south002\indoor\groceryR.hmdZ","328","2019-03-29 14:45:12","60581033F0F1D91E9486F8ED6F165357D1F4D69ECC00EF9DBED469952ED4BCFE"
"Data2\map\south002\indoor\groR.romZ","224375","2019-03-29 14:45:36","E7EDDD48EC2FCB48D8AD53C86882AC2B6DC56930B85CE98BB6A9B837C403C5A9"
"Data2\map\south002\indoor\HardwareR.hmdZ","327","2019-03-29 14:45:12","563727BAFD9AF37532F60122FD7A30586106892B00049676977C161C765A90ED"
"Data2\map\south002\indoor\HardwareR.ROMZ","209539","2019-03-29 14:45:36","F2080D79AC9A31C943E0BC67E91FD7782A8579F2C74DECF738AFBF31B01D6229"
"Data2\map\south002\indoor\Herb.hmdZ","295","2019-03-29 14:45:12","72C475E8245BAB5CAE53416A5BDCA2B838B348ED2BD4FBB6D083B2663D5493D2"
"Data2\map\south002\indoor\Herb.ROMZ","216193","2019-03-29 14:45:36","81203D49FE25BE2A4DE2FB0F871B287CEC738C3D4CCD735D301E7054707CB1FD"
"Data2\map\south002\indoor\hotel01.hmdZ","630","2019-03-29 14:45:12","75FB6B0265B7F676491B3AA348704953A1709A71AFC32E1DFA9AF93E8F23A57C"
"Data2\map\south002\indoor\Hotel01.ROMZ","338531","2019-03-29 14:45:36","D678A2FB80D49BCB395341C45DC11F4D26586242E3B50029EB69FC0C7C3397CF"
"Data2\map\south002\indoor\LHR01.hmdZ","671","2019-03-29 14:45:12","C3CE3DCD4603DB908F42E566ABE971B7ACCDB8C9A3EFB1ECFBFBAC1FDB26591F"
"Data2\map\south002\indoor\LHR01.ROMZ","267106","2019-03-29 14:45:38","08E2801734A7D3256CAE4C65BBC0303FDB0E7852578C460A7D2CCBE4FB49FB16"
"Data2\map\south002\indoor\MHL01.hmdZ","375","2019-03-29 14:45:12","206955DD42CE391DDF244E803ABBF3041A368F53B7529F21CA9EC1DADE46C935"
"Data2\map\south002\indoor\MHL01.ROMZ","228550","2019-03-29 14:45:40","D78C6363140626C45B3A30CB365CA26EBCE2AB515FC09DCCE3F9849B273C953E"
"Data2\map\south002\indoor\MHL02.hmdZ","755","2019-03-29 14:45:12","9996E7DE17C17A56850AEBA4A009EDADA7343AB776E16EFEDD70F79AA4AB9C3C"
"Data2\map\south002\indoor\MHL02.ROMZ","313121","2019-03-29 14:45:40","C6E3DBB9858D120EC707DEB54DE34D6759EC6EE69651DABFAD64C3EC965E4293"
"Data2\map\south002\indoor\MHR01.hmdZ","689","2019-03-29 14:45:12","D4C6B2497EEC291CAF86E0421FC6B4C804F301DA3567312548C82F8DEEC45122"
"Data2\map\south002\indoor\MHR01.ROMZ","308019","2019-03-29 14:45:40","D9EA77DEDFA19D66BE0F288CC69CEF6FFC699D07D6BBAB5B7DE6E6A7A5573A4A"
"Data2\map\south002\indoor\MHR02.hmdZ","526","2019-03-29 14:45:12","352C440AA737C2FBD4B9CADFB7471717FB946724E6B25F8A62E6BF59BBD86513"
"Data2\map\south002\indoor\MHR02.ROMZ","273750","2019-03-29 14:45:40","C1E5508BB98C66056E16CA417CE1AB8B25234021631AC4F20BA8CA53920EBA90"
"Data2\map\south002\indoor\NuWa.hmdZ","531","2019-03-29 14:45:12","36BB02D1429B22BDBECB78ACDDCEFA1F9BA501472ED0F0730A13FBF06DC50773"
"Data2\map\south002\indoor\NuWa.ROMZ","204979","2019-03-29 14:45:42","C4DB17CA87DB9064FC2B17BF7C36E571AEFDC8282BD76CF7E81F08DE63643B0A"
"Data2\map\south002\indoor\SHL01.hmdZ","398","2019-03-29 14:45:12","AF2D907E81057F70920B3786E77FF68042B3A59ABBA48D28CEBC7B80ABBAE403"
"Data2\map\south002\indoor\SHL01.ROMZ","109202","2019-03-29 14:45:54","E45BD0C765171A626489C63038BA035BAB25D819476678C95D44EFF6600866FA"
"Data2\map\south002\indoor\SHL02.hmdZ","492","2019-03-29 14:45:12","910051CFED6B62ADD3B8C5CDB2DEF6ACE6428A993DF0AE1040483E888273C6DD"
"Data2\map\south002\indoor\SHL02.ROMZ","114276","2019-03-29 14:45:54","E06A58EBD0057DE0645624CF921FD15E9183CF157035B02268BD8506BD78FF8A"
"Data2\map\south002\indoor\SHR01.hmdZ","367","2019-03-29 14:45:12","42966DCF5233AD76F3DBC4BA7678C705847C0247BA2D8E126F1FF3833521B93E"
"Data2\map\south002\indoor\SHR01.ROMZ","120367","2019-03-29 14:45:54","FE2F39A222771C13DAB41A3BC38613837286639B2127FBE3D3D8C3B668173A8E"
"Data2\map\south002\indoor\SHR02.hmdZ","419","2019-03-29 14:45:12","F2510CB3F49345DD0CB2D388AC4F630EAD368E6CEF1D21EC6AF5504928C232E1"
"Data2\map\south002\indoor\SHR02.ROMZ","112906","2019-03-29 14:45:54","2F3A6AF97B5D8672E18A686F31DED4384BE743C2A0529EB236DADA2A8546B208"
"Data2\map\south002\indoor\STUFF.hmdZ","274","2019-03-29 14:45:12","5EE406D6CC7032B3B0E8C6DE3CE2F582D18CBF3A43AFEB7517BC29CFFD3FE33E"
"Data2\map\south002\indoor\STUFF.ROMZ","121164","2019-03-29 14:45:58","D076AF81F9B6F931579E1232A4DDD624217C6CA23D1EC14C20A5534836855A45"
"Data2\map\south002\indoor\TP_Nor_L.hmdZ","452","2019-03-29 14:45:12","4F868803C8894FC30343DE9A4451A12790F28F2483A24E0D4D07879418DD7303"
"Data2\map\south002\indoor\TP_Nor_L.ROMZ","153443","2019-03-29 14:46:00","AA992EC90223A6F487B8220EB4DFFBE3CE8D5B2B6B7683D457A65FFA5C4D0220"
"Data2\map\south002\IO_S.ROMZ","380","2019-03-29 14:45:36","58CF21296FB069A1EEDDA685506871C1A7C5528C5459AA8D11BBEDB32766C52A"
"Data2\map\south002\Le01.ROMZ","169304","2019-03-29 14:45:38","12F63B09227DECFC677805F8ECC073E9B44D68DF3DA74B172E385549823506F0"
"Data2\map\south002\Le01SHA.ROMZ","173050","2019-03-29 14:45:38","62FD910976B01C1932642CAA093CE7F4B56657A7E6C1A50750144DCA0C709BF0"
"Data2\map\south002\LeaC.ROMZ","131824","2019-03-29 14:45:38","954170642C4787818B9F15E8E55588276F09C143A104C235BE13CCBBDEC5BE51"
"Data2\map\south002\LIN.ROMZ","1438927","2019-03-29 14:45:38","DF5CB28BEB6A391EBDE409E21062A4C113813896BC85DFFA42CF8D4F355E6ACF"
"Data2\map\south002\LIN03.ROMZ","1015001","2019-03-29 14:45:38","0E7CEBC18D38F33B0834AA4851F1751E6955025A0C365500728AFAB262C0ADFE"
"Data2\map\south002\mazes04\BANDIT_G.romZ","378398","2019-03-29 14:45:16","AF984CABC3A21C7857689C289E8803B1BFD8021F0170689386BE037FFAE88ECA"
"Data2\map\south002\mazes04\BEARIO.ROMZ","91367","2019-03-29 14:45:16","F1ED8A255A30EC6EEDA02437128A4B088B5487892C4A8BB01517E93486645D4D"
"Data2\map\south002\mazes04\BEARS01.ROMZ","511573","2019-03-29 14:45:16","F3BF4C256B866E08750A3E179C4D4E4CE2BAE2EE1C38DCD5FAEB6F9D99EA0B85"
"Data2\map\south002\mazes04\mazes04.mbd","801896","2026-07-29 23:57:59","2B311838672AE6B86BBA3D059FFB6E2232710C0640DA7709EAB82770588C8C2A"
"Data2\map\south002\mazes04\mazeS04.mbdZ","149363","2019-03-29 14:45:14","72C607187663CABAE0DAFE2D6B0952B4F0981A207B918C4F9A7FF6FD64114456"
"Data2\map\south002\mazes04\mazeS04.mdlZ","3931","2019-03-29 14:45:14","C9E2DCEF8F280737BC2EECA1CB2F65DC25FF5DED131A3D663CD1E385B5390A92"
"Data2\map\south002\mazes04\mazeS04.mdtZ","302","2019-03-29 14:45:14","3D3320987CBC7E6DE7399653749AF847C6FD218DE456FC54D296FACC6578420C"
"Data2\map\south002\mazes04\mazeS04.mmbZ","13851","2019-03-29 14:45:14","9A82FF5F91D647403B285051383662C1734B4744FCD4E6D7E06447EC586DED20"
"Data2\map\south002\mazes05\4Tree.romZ","821656","2019-03-29 14:45:14","1C1CEEA780DEEC9075F7D96D837C89A4FA8192DAFC5BA17111EF3D197D26EDCB"
"Data2\map\south002\mazes05\mazeS05.mbdZ","93879","2019-03-29 14:45:14","E0F697A2B07F2AD50718F73A466AE5375103825EB52E316B2E0FE107780D114D"
"Data2\map\south002\mazes05\mazeS05.mdlZ","7709","2019-03-29 14:45:14","7B05AD1AED1A318F6485698E3798C467770BE467D817C43562275CAC1AF1ADEE"
"Data2\map\south002\mazes05\mazeS05.mdtZ","350","2019-03-29 14:45:14","76023CF8C140F26F32A704AFE8B7AFFC1A1B4D055BF87BC698A3094D6843E355"
"Data2\map\south002\mazes05\mazeS05.mmbZ","7820","2019-03-29 14:45:14","A3A93661FE36F2068913FB4B9C53075482DC64A82EA019B5D22739B7CEAD20A0"
"Data2\map\south002\mazes05\TMS02.ROMZ","235369","2019-03-29 14:45:58","3F5C1932950F2643EF61128309574E3570B78E6D959B020350F76347CA442DBD"
"Data2\map\south002\OTH.ROMZ","569316","2019-03-29 14:45:44","3D322BC65DDCA49A8E950A3D703849BB3D3614E964E406F88F86956D8A223CB7"
"Data2\map\south002\PIT.ROMZ","66154","2019-03-29 14:45:44","0C28475AB7B6250741FA3AF6CE1740AB8875DBACAFFA230726E3367DD5119B7B"
"Data2\map\south002\ROA.ROMZ","358735","2019-03-29 14:45:52","AE3625A9A11077A3F5414712788CDFDC0B21EF756D12875065C94AF576756271"
"Data2\map\south002\roads04\roads04.mbd","180200","2025-10-17 00:07:54","5B533F51CB556926C071056992000A05B4449B60CABD1DDA5CA8C2DFCC2D121E"
"Data2\map\south002\roads04\roadS04.mbdZ","38482","2019-03-29 14:45:14","1CB8059B91CB52C8E28D54BE2FA98808D7C8E5ADEF5F67D0DA932019B8D9C17B"
"Data2\map\south002\roads04\roadS04.mdlZ","5468","2019-03-29 14:45:14","0FD47F23EB5306A96A242A19D9A8AB6D89D0CA0AC9ABDBC2A08531893F3D0BEE"
"Data2\map\south002\roads04\roadS04.mdtZ","881","2019-03-29 14:45:14","BF80336EFF5B36330C8604827AC58E8988AB54B685AF179EAF32E2E3B2383459"
"Data2\map\south002\roads04\roadS04.mmbZ","3781","2019-03-29 14:45:14","C662975AAEFE5F3F01B202C61FF6221589371C2EAC5C65655FCE96EB4DB2B552"
"Data2\map\south002\roads05\roads05.mbd","127168","2026-04-22 20:15:36","37BE0902419C7970C6F949EE90BD136377B92FB548D0D67BA336505789311E71"
"Data2\map\south002\roads05\roadS05.mbdZ","27436","2019-03-29 14:45:14","34F7858D1575F42D89E30B1D3DD9F0ECA3E5817335FCA30F6F29861E80C35D38"
"Data2\map\south002\roads05\roadS05.mdlZ","5626","2019-03-29 14:45:14","E5D7E64A4B70B2EA282B7F6D3D58F20360CDCF28C97678334796FAA69EEB2369"
"Data2\map\south002\roads05\roadS05.mdtZ","881","2019-03-29 14:45:14","84A252BF45AC1959F25FA6FB079610E7FFC0D87C32F683C0734A4B322EDF0087"
"Data2\map\south002\roads05\roadS05.mmbZ","2266","2019-03-29 14:45:14","F68C9DD225A33D26D41DBB4BD37492B12DD93E848BA64D4CDF5F9EC985E6BA01"
"Data2\map\south002\roads06\roads06.mbd","127168","2026-02-12 16:06:43","AE7F9E78840D076F5FCFF6DEFB2D645FEF971BE97AC57C0B6B8DE944512EAF5D"
"Data2\map\south002\roads06\roadS06.mbdZ","30357","2019-03-29 14:45:14","E507EA6510877801B31F4AB4035076AE43487B54B93640688EB56F57DF3986DA"
"Data2\map\south002\roads06\roadS06.mdlZ","5436","2019-03-29 14:45:14","2349BB6A6C32205201588CEDF40EB62C9C0E64C871385F2F5A9ED4AF10F2C04C"
"Data2\map\south002\roads06\roadS06.mdtZ","881","2019-03-29 14:45:14","84A252BF45AC1959F25FA6FB079610E7FFC0D87C32F683C0734A4B322EDF0087"
"Data2\map\south002\roads06\roadS06.mmbZ","2334","2019-03-29 14:45:14","DE522F985E3FCFF1BCF7E73D58F595B781403FC2B4B661BC95C9D854B753218E"
"Data2\map\south002\S002STO.ROMZ","239772","2019-03-29 14:45:52","DDC5947FC6A3ABBC79DF457B9D7868C988067C9DD9E6252EDC98621096BF3C55"
"Data2\map\south002\S012_D.romZ","769107","2019-03-29 14:45:54","C701EEDBCAFFB821894EB93C395C90631CF299A84E0FBABC34F38E91BBCC8C2B"
"Data2\map\south002\S012_DG.romZ","679885","2019-03-29 14:45:54","E299AAB52ED2E4B070090A2FEA29BD3CB384EBE5FE2BE6DA7DDB848F30425A6B"
"Data2\map\south002\S012_DS.romZ","742918","2019-03-29 14:45:54","9CB5BCBF6D6F36AA4C5D935715FA4B56558FF56AB02DF706547FD407CAD85C6A"
"Data2\map\south002\S012_G.romZ","883874","2019-03-29 14:45:54","0316884269747EF5C3695497E2084F34F73792B5D60432DC331DF7A831001F15"
"Data2\map\south002\S012_GS.romZ","461825","2019-03-29 14:45:54","E2EBC785E46417E00BC5F05FDE9F5EABF9CDF22525D03BA4E090F965964F54AD"
"Data2\map\south002\S012_S.romZ","197945","2019-03-29 14:45:54","DF01DEB5803017BA6B0C6DABE693CFCD8DDA5F12618B56CACB37A115F8CE71D9"
"Data2\map\south002\S012_W.romZ","406922","2019-03-29 14:45:54","81E3CA5E9CB570810284ECAC1B973ED635185EB818B6F92D03E4E0F727854D76"
"Data2\map\south002\S11OH.ROMZ","162424","2019-03-29 14:45:54","3B3B49A84862D330820DDA2EC553C007FD93884D1A22F066EEAFF88AB95AD345"
"Data2\map\south002\SA.ROMZ","3331","2019-03-29 14:45:54","2E982B13606BD9DB4819182AC242F23BBA89A3182D589AC75CEE501DE57AF2CA"
"Data2\map\south002\South002.can","2112","2019-03-29 14:45:12","6D0566F136A2E83D72BFA8AA8023EC31CABD799F9419B5A9C887FD24D8712C6E"
"Data2\map\south002\south002.mbd","3211956","2019-05-31 16:43:06","90CEF251978B62159A98EC78644DBED7B742609B5916C6A1B2C753ED49594F26"
"Data2\map\south002\South002.mbdZ","833234","2019-03-29 14:45:14","9924A23E3778395D5D1A5A813E003CDCD353A0A5BA328AF2932255F71133E6AD"
"Data2\map\south002\South002.mdlZ","94912","2019-03-29 14:45:14","6BAE393E5413FD0D1772FFE17ABBFB676AB7D7BF31FF06B7DF5299C2BAF2D18F"
"Data2\map\south002\South002.mdtZ","878","2019-03-29 14:45:14","ABC875FA3A934FBD2B9087DF0141A524021690B9F3FB60164DBFFDB36D17D65B"
"Data2\map\south002\South002.mmbZ","71737","2019-03-29 14:45:14","1D8D918DA2F9E37B0508A6441A11C3A1A21ED76A465DED6B76E12F875D15A1E7"
"Data2\map\south002\ST1.ROMZ","83006","2019-03-29 14:45:58","EF1BB0D6648795C9917DCB0B1627BB9836EB75FE41AA63516E9D6B6247909AB4"
"Data2\map\south002\ST2.ROMZ","78323","2019-03-29 14:45:58","3C55E9F059E49E616DAF32003E602D8D7A12C1A33FC1E32E91C8F5ADE14488A2"
"Data2\map\south002\StoBri.ROMZ","364968","2019-03-29 14:45:58","B8E0E10F8871FB07EB4033B886619216C2FE64A7345494ABFCE1099AE90269CE"
"Data2\map\south002\Ting2.ROMZ","44303","2019-03-29 14:45:58","1F861A0E36489A0709493E143E92A8D40B47FFCA5FDFE573E05F290A59CCC0D5"
"Data2\map\south002\Ting2b.ROMZ","64402","2019-03-29 14:45:58","88D19821677598FA2A0300A72E78152518FDAA048D0B324CBA3C693D84E6C9A3"
"Data2\map\south002\TP_NuWa.ROMZ","224352","2019-03-29 14:46:00","47E5A1ED6564DD1B2E69CCC5E0C78C4F275772F2F9DB39DF5F6C8C8352297507"
"Data2\map\south002\TP_S02.ROMZ","137150","2019-03-29 14:46:00","6D97E7D954B7D63964617C1F0ED51CBA2E4A02E08B09760B0DA15EAF7E4A50E4"
"Data2\map\south002\TreeC.ROMZ","399622","2019-03-29 14:46:00","1E052DE5075AEC50D6A13EFA9D02EDE7C78AB8326C8E10630061147483A0EEB9"
"Data2\map\south002\W-G.ROMZ","1729406","2019-03-29 14:46:00","052153D50A5D9D8FBEF92A803F358CAE31B277A957D94FAF3ED140176C950D33"
"Data2\map\south002\Wood01.ROMZ","125281","2019-03-29 14:46:00","146F0B711202E1671BAFC2873C860D037E8FBAF74493F142973824D52B0EA104"
"Data2\map\south003\BANOUT.ROMZ","37303","2019-03-29 14:45:16","76EF082EEAE9BF2B6E88B7F07FE864EB5D09F63530BFA33B5C2CA247D1F58A21"
"Data2\map\south003\BAR.ROMZ","30614","2019-03-29 14:45:16","191AB0CC6E8FFFC8AEFD5497E1C9FEB8E4963919D873FFA633AB9C0293C20307"
"Data2\map\south003\BASE01.ROMZ","204086","2019-03-29 14:45:16","08C11DF56FE12FA2CFAF2BE1FC71D930ED8E9F173811F891D970F76E14FC6A0E"
"Data2\map\south003\CAR.ROMZ","78239","2019-03-29 14:45:16","9224B44992269C90ACC902727F9A0964EB933E7A28A35438CC2DE4F2AF203158"
"Data2\map\south003\CAVE.ROMZ","129454","2019-03-29 14:45:16","E8901F546B6265E548307A761413F55A12AEE648E1A99650609535EE85313A2A"
"Data2\map\south003\citys07\citys07.mbd","261448","2025-10-17 00:53:31","0624B19751BB78D0458673AD09A60A59FFE1E8CBAFA83D54353100F07BFD5636"
"Data2\map\south003\citys07\citys07.mbdZ","66246","2019-03-29 14:45:14","6A5A16904B9E97DDD94B1C8C16A2FF9FA1802F30BE884310D4A0BFADC9F62DAE"
"Data2\map\south003\citys07\citys07.mdlZ","8272","2019-03-29 14:45:14","3FA273F01C09F865EFB909F8F0C7BEC2908951A9FA61B6EEE49313A12FC0965B"
"Data2\map\south003\citys07\citys07.mdtZ","579","2019-03-29 14:45:14","07E63C5506D1238645AF17B3FDF9F396D80D9CC7A0C917A6A8D7BE649AB85451"
"Data2\map\south003\citys07\citys07.mmbZ","5389","2019-03-29 14:45:14","AE77FE35248E00B8D2A2E2BDF6C6BDAD89252EE2A60B3F5400F6ADD0DEDD3FB0"
"Data2\map\south003\citys08\citys08.mbd","180200","2025-10-17 00:16:33","01EB494E10178F387AEFA9530B0E7B7290BC440A9675DC6111E999459603409B"
"Data2\map\south003\citys08\citys08.mbdZ","45805","2019-03-29 14:45:14","2ABC607F2C6682611A280613D3EF31E5E0A29945614F06F594FDD7F02B30D2F8"
"Data2\map\south003\citys08\citys08.mdlZ","7361","2019-03-29 14:45:14","FEC1B3A3337EAD15A69862B4ACA35036A542A110F627CA548DD5B76CA31AB05D"
"Data2\map\south003\citys08\citys08.mdtZ","578","2019-03-29 14:45:14","279BCE14E64D769F52D820B47362E641F9D4C72FFE1E48D1E89CD49EE374EEB0"
"Data2\map\south003\citys08\citys08.mmbZ","3856","2019-03-29 14:45:14","8B5FB2C3ABB568BE624B8F35E2785FDC94133C1A9F1FF81611BD82F06B0C8288"
"Data2\map\south003\citys08\GRA03.ROMZ","16627","2019-03-29 14:45:36","E998EBFB92221361269E13DDFB53E6B9C41157433AC85E21CB185F21A6BF3DF1"
"Data2\map\south003\citys08\TreeC.ROMZ","399622","2019-03-29 14:46:00","1E052DE5075AEC50D6A13EFA9D02EDE7C78AB8326C8E10630061147483A0EEB9"
"Data2\map\south003\Flower01.ROMZ","67868","2019-03-29 14:45:32","E22E6DC761977D70F1BCD279ACFC296606F44D25D0A241764248859B933B2392"
"Data2\map\south003\Flower02.ROMZ","83553","2019-03-29 14:45:32","8D5721DD0604E516A902FACDB7F2F35E50985138B779533E03E3405CE12B2B2A"
"Data2\map\south003\Flower03.ROMZ","185387","2019-03-29 14:45:32","FC425B0D84E9DF54799877F4363115BD831B4F835700FF28B7721C8821D735D5"
"Data2\map\south003\FUR.ROMZ","20973","2019-03-29 14:45:32","E59A72B40E24FFD9C609980557F30A7AEC0523FD93C1E216A763900A6B80F667"
"Data2\map\south003\GRA01.ROMZ","24187","2019-03-29 14:45:36","7BBBCF09A87447A0F32891B9949D962DE1BCFD4E4089F0C12A9557DCC677F426"
"Data2\map\south003\H_Hill.ROMZ","1541598","2019-03-29 14:45:36","97D08EBC8B0BCEDC9DAE976C621B93431CE234F8EDC245813F9783824C80F0BF"
"Data2\map\south003\H_ROA.ROMZ","356650","2019-03-29 14:45:36","EA3FEC1973589A363689EB3DCF21EFEB3956CD9AE92EE3DC5D7FD9F959E76C6A"
"Data2\map\south003\Hill01.ROMZ","1539958","2019-03-29 14:45:36","F8CB7FC6CE9E2561B74C47D5D62565A6ECF6FFF71C9A301A949E6EB581FE31EB"
"Data2\map\south003\HW01.ROMZ","468816","2019-03-29 14:45:36","93D5589CE8BDFE4B661778D3444AB15436B1586C69D98F76FE639A42BF4BF642"
"Data2\map\south003\indoor\MHL01.hmdZ","375","2019-03-29 14:45:12","206955DD42CE391DDF244E803ABBF3041A368F53B7529F21CA9EC1DADE46C935"
"Data2\map\south003\indoor\MHL01.ROMZ","228550","2019-03-29 14:45:40","D78C6363140626C45B3A30CB365CA26EBCE2AB515FC09DCCE3F9849B273C953E"
"Data2\map\south003\indoor\MHL02.hmdZ","755","2019-03-29 14:45:12","9996E7DE17C17A56850AEBA4A009EDADA7343AB776E16EFEDD70F79AA4AB9C3C"
"Data2\map\south003\indoor\MHL02.ROMZ","313121","2019-03-29 14:45:40","C6E3DBB9858D120EC707DEB54DE34D6759EC6EE69651DABFAD64C3EC965E4293"
"Data2\map\south003\indoor\MHR01.hmdZ","689","2019-03-29 14:45:12","D4C6B2497EEC291CAF86E0421FC6B4C804F301DA3567312548C82F8DEEC45122"
"Data2\map\south003\indoor\MHR01.ROMZ","308019","2019-03-29 14:45:40","D9EA77DEDFA19D66BE0F288CC69CEF6FFC699D07D6BBAB5B7DE6E6A7A5573A4A"
"Data2\map\south003\indoor\MHR02.hmdZ","526","2019-03-29 14:45:12","352C440AA737C2FBD4B9CADFB7471717FB946724E6B25F8A62E6BF59BBD86513"
"Data2\map\south003\indoor\MHR02.ROMZ","273750","2019-03-29 14:45:40","C1E5508BB98C66056E16CA417CE1AB8B25234021631AC4F20BA8CA53920EBA90"
"Data2\map\south003\indoor\SHL01.hmdZ","398","2019-03-29 14:45:12","AF2D907E81057F70920B3786E77FF68042B3A59ABBA48D28CEBC7B80ABBAE403"
"Data2\map\south003\indoor\SHL01.ROMZ","109202","2019-03-29 14:45:54","E45BD0C765171A626489C63038BA035BAB25D819476678C95D44EFF6600866FA"
"Data2\map\south003\indoor\SHL02.hmdZ","492","2019-03-29 14:45:12","910051CFED6B62ADD3B8C5CDB2DEF6ACE6428A993DF0AE1040483E888273C6DD"
"Data2\map\south003\indoor\SHL02.ROMZ","114276","2019-03-29 14:45:54","E06A58EBD0057DE0645624CF921FD15E9183CF157035B02268BD8506BD78FF8A"
"Data2\map\south003\indoor\SHR01.hmdZ","367","2019-03-29 14:45:12","42966DCF5233AD76F3DBC4BA7678C705847C0247BA2D8E126F1FF3833521B93E"
"Data2\map\south003\indoor\SHR01.ROMZ","120367","2019-03-29 14:45:54","FE2F39A222771C13DAB41A3BC38613837286639B2127FBE3D3D8C3B668173A8E"
"Data2\map\south003\indoor\SHR02.hmdZ","419","2019-03-29 14:45:12","F2510CB3F49345DD0CB2D388AC4F630EAD368E6CEF1D21EC6AF5504928C232E1"
"Data2\map\south003\indoor\SHR02.ROMZ","112906","2019-03-29 14:45:54","2F3A6AF97B5D8672E18A686F31DED4384BE743C2A0529EB236DADA2A8546B208"
"Data2\map\south003\indoor\TP_Nor_L.hmdZ","457","2019-03-29 14:45:12","B5201259F272C6039069D0DBC7F4BC404AE61D59899C508B6E81E913BA24EFAA"
"Data2\map\south003\indoor\TP_Nor_L.ROMZ","153443","2019-03-29 14:46:00","AA992EC90223A6F487B8220EB4DFFBE3CE8D5B2B6B7683D457A65FFA5C4D0220"
"Data2\map\south003\indoor\TP_Nor_R.hmdZ","459","2019-03-29 14:45:12","CCE0A099D4264B73A7DB54DF6C5EE7D159B52C8F0DF4C4966D2F4C37A578EC82"
"Data2\map\south003\indoor\TP_Nor_R.ROMZ","154054","2019-03-29 14:46:00","F31621025287E352C38D197E10576BBBDFA68AA7C51C91E7F651122A2B54241E"
"Data2\map\south003\IO_S.ROMZ","380","2019-03-29 14:45:36","58CF21296FB069A1EEDDA685506871C1A7C5528C5459AA8D11BBEDB32766C52A"
"Data2\map\south003\M01IO.ROMZ","194453","2019-03-29 14:45:38","FDD335E6F63A531D71A689C5F2F2F1C82CC7AE4C719DC1DB087B8B347648B216"
"Data2\map\south003\mazes01\M01_IO.ROMZ","57272","2019-03-29 14:45:38","4B21095B1859D0D7E266A6DE885260933E7422984A359E7493FD81E80F9D561E"
"Data2\map\south003\mazes01\MazeM1.ROMZ","1157507","2019-03-29 14:45:40","106B76317B6BB774D7A592C02B19111D90335DC47C9E356D7B805C0FB6D570D3"
"Data2\map\south003\mazes01\MazeM2.ROMZ","858192","2019-03-29 14:45:40","4595DC59DFDA95F219A3FBD1C7A6854682EEB43D43745B3FF0082AD0C6181B21"
"Data2\map\south003\mazes01\mazes01.mbd","3143496","2025-10-17 20:36:55","41CA6A832FDF48C5F1D5368B37B7FD8BE1DF85A47BCA06AF2C9D81760623334F"
"Data2\map\south003\mazes01\mazeS01.mbdZ","510722","2019-03-29 14:45:14","D84ECC3F6A34CD169B184DB9C0CF900C940B2BA0008002FC304F0F4B35F6309D"
"Data2\map\south003\mazes01\mazeS01.mdlZ","57719","2019-03-29 14:45:14","8B3FE5AEE10937329975C20920B01D80E0E06AC15942AF047AC32FC795F2A52B"
"Data2\map\south003\mazes01\mazeS01.mdtZ","487","2019-03-29 14:45:14","5A1065FA96BA04E7E47E7FDF7B305525714AC4F77AF37A66ED53023415314D12"
"Data2\map\south003\mazes01\mazeS01.mmbZ","139833","2019-03-29 14:45:14","3A68D15276B12FB0260E85A29366FC70C5354925717FE5CD77FBF8313CAB09F6"
"Data2\map\south003\mazes01\MazeT1.romZ","599596","2019-03-29 14:45:40","FE136F6BD3D6464553C5E84B6B261FDE6AFCB1415FBBFB5AF5BDFFF622E251BF"
"Data2\map\south003\mazes01\MazeT2.romZ","82425","2019-03-29 14:45:40","A9DE5B9B9BA20C2D6A7695E72893B31322C2A3686372E79C6D11C4E4DF4562C9"
"Data2\map\south003\mazes02\MazeM1.ROMZ","1157507","2019-03-29 14:45:40","106B76317B6BB774D7A592C02B19111D90335DC47C9E356D7B805C0FB6D570D3"
"Data2\map\south003\mazes02\MazeM2.ROMZ","858192","2019-03-29 14:45:40","4595DC59DFDA95F219A3FBD1C7A6854682EEB43D43745B3FF0082AD0C6181B21"
"Data2\map\south003\mazes02\mazes02.mbd","328568","2025-10-17 00:44:52","4756D9F06EE5F87E2D852B790A47B5F148DA87D641B78291B63B083A4D78BFEB"
"Data2\map\south003\mazes02\mazeS02.mbdZ","51038","2019-03-29 14:45:14","1343CE8C478B209996246A6ACE324A968E502AC36CC74E79BF8BB3511A1017FC"
"Data2\map\south003\mazes02\mazeS02.mdlZ","5703","2019-03-29 14:45:14","027CE3E68C7AE2D48BEC4A3147BDDF456EDAB299375D1AACEF16234B2DB6C9ED"
"Data2\map\south003\mazes02\mazeS02.mdtZ","382","2019-03-29 14:45:14","AC85D0866EA3423E999D34F454A0AFF211B2A4A5E3A3761878D1FE077AE08E81"
"Data2\map\south003\mazes02\mazeS02.mmbZ","6334","2019-03-29 14:45:14","372EFA33FF5FC5A2FE81A2C687A0B32E981084C17893EFED96F1D7ED3E62080D"
"Data2\map\south003\mazes02\MazeT1.romZ","587656","2019-03-29 14:45:40","6C3D3F5D73864F52E5A95BBD5A8C14696B161AB0AA5517275DBFC7F6D49B03A4"
"Data2\map\south003\mazes02\MazeT2.romZ","82427","2019-03-29 14:45:40","2B40F42EA72D7FBA7042D2A6C591FEB5100AB78C528D200161EFBA500E4E8D4A"
"Data2\map\south003\PB.ROMZ","904361","2019-03-29 14:45:44","F576F0848589C3DC48377CD2F40FA9181786972EF94DE7D0A1C5DDDA9FE8DAA5"
"Data2\map\south003\PH.ROMZ","141765","2019-03-29 14:45:44","36790C6EF289FAA34FF1F355A77DAF6A5A04575662B42441DC81C77EF2409126"
"Data2\map\south003\ROA.ROMZ","358735","2019-03-29 14:45:52","AE3625A9A11077A3F5414712788CDFDC0B21EF756D12875065C94AF576756271"
"Data2\map\south003\roads07\GRA03.ROMZ","16627","2019-03-29 14:45:36","E998EBFB92221361269E13DDFB53E6B9C41157433AC85E21CB185F21A6BF3DF1"
"Data2\map\south003\roads07\Le01.ROMZ","169304","2019-03-29 14:45:38","12F63B09227DECFC677805F8ECC073E9B44D68DF3DA74B172E385549823506F0"
"Data2\map\south003\roads07\Le01SHA.ROMZ","173050","2019-03-29 14:45:38","62FD910976B01C1932642CAA093CE7F4B56657A7E6C1A50750144DCA0C709BF0"
"Data2\map\south003\roads07\LIN.ROMZ","1438927","2019-03-29 14:45:38","DF5CB28BEB6A391EBDE409E21062A4C113813896BC85DFFA42CF8D4F355E6ACF"
"Data2\map\south003\roads07\roads07.mbd","180200","2025-10-17 00:13:29","D3106A82AADC2DE82941EF4B8EFD6CC8BD27B8C07E1F4C29D2E6C249900E0198"
"Data2\map\south003\roads07\roadS07.mbdZ","32362","2019-03-29 14:45:14","FACD7F5A3BB249D66EF870641E69995D764AB2F15F4DA9DC288640AEFCFCA173"
"Data2\map\south003\roads07\roadS07.mdlZ","10774","2019-03-29 14:45:14","672884A5A5B2406F74DDA050E1EC66CC289C666B8BEF6915B7D21F937695F1B0"
"Data2\map\south003\roads07\roadS07.mdtZ","507","2019-03-29 14:45:14","64DD1E5964775DAA835D5543645B2F0772134BEC4749A4D4D778FD61AE5FA9C0"
"Data2\map\south003\roads07\roadS07.mmbZ","3566","2019-03-29 14:45:14","4039A26B64FF4F9ED710F12866252BFD558D3BBDD1632ACB15397F4574F431DB"
"Data2\map\south003\roads07\Wood01.ROMZ","125281","2019-03-29 14:46:00","146F0B711202E1671BAFC2873C860D037E8FBAF74493F142973824D52B0EA104"
"Data2\map\south003\S003_D.romZ","390597","2019-03-29 14:45:52","CD64FD42FBE1DE9FCC9B154DC56BBBA26AA0F43BB2517C898E3596A0EB2C13F0"
"Data2\map\south003\S003_DG.romZ","436442","2019-03-29 14:45:52","D22B81CFC789DD2D9B357E5E62ACCCB58C130CB9FA3484410479883ED0C68CD8"
"Data2\map\south003\S003_DS.romZ","400753","2019-03-29 14:45:52","6BE0C2F2517A03A9DBCB9FCE87ABFC7F4EFF9173678F4078FF024F250A01B5FC"
"Data2\map\south003\S003_G.romZ","1237706","2019-03-29 14:45:52","4D9E793918F9831FA02C0D991574DCC850AF55EC2D0230D5E316388CE1178B68"
"Data2\map\south003\S003_GS.romZ","427812","2019-03-29 14:45:52","97939A2FFD0E5A3F8030125669DB58AD7E61955F08B564A357D9275851526A0B"
"Data2\map\south003\S003_S.romZ","123891","2019-03-29 14:45:52","D3FEE096C920BBB75E9E567976E5F30ABC7AD41ED2CF8EDCD5E4665EFBC426DB"
"Data2\map\south003\S003_W.romZ","406922","2019-03-29 14:45:54","C4C78A1836211D80DD55D85E5354B34E2ADB22EA029316E64C12B5FD39C5BAB3"
"Data2\map\south003\S03STO.ROMZ","447891","2019-03-29 14:45:54","852B351EE2B89DEBF487FC3389B8DCB17640B3C5659106BAA1ABF0D4AA90CCF4"
"Data2\map\south003\S11OH.ROMZ","162424","2019-03-29 14:45:54","3B3B49A84862D330820DDA2EC553C007FD93884D1A22F066EEAFF88AB95AD345"
"Data2\map\south003\SA.ROMZ","3331","2019-03-29 14:45:54","2E982B13606BD9DB4819182AC242F23BBA89A3182D589AC75CEE501DE57AF2CA"
"Data2\map\south003\South003.can","1302","2019-03-29 14:45:12","ADD0EA1A01BD3EA57ED7CFC075E2E5D3EA14E8BD829776CE6508A49E695804EE"
"Data2\map\south003\south003.mbd","3268456","2025-10-17 00:13:45","9267FE94DDA6BA11D9F067464897C40D6253C96D1515D8AB750BDC71F6FBC356"
"Data2\map\south003\South003.mbdZ","922080","2019-03-29 14:45:14","E2E3B990287A8DB79FAD43EB27D5A534AA179301D7F69EF0A0893356EC7784CC"
"Data2\map\south003\South003.mdlZ","70384","2019-03-29 14:45:14","4556CCC56009DFA1DA9BA1CCA78FAEAB42688AF937A333CD79EFAC0F866488F7"
"Data2\map\south003\South003.mdtZ","723","2019-03-29 14:45:14","DD281D38808DCFC565CE6EE4A7AE657CA008E67C0BCC724A3CF0D4B83B97F5CD"
"Data2\map\south003\South003.mmbZ","74039","2019-03-29 14:45:14","8A428E95445ED1BDDEDF20E5F524B8E82D4E1D587230F12A4B2E099764D11B8D"
"Data2\map\south003\ST1.ROMZ","83006","2019-03-29 14:45:58","EF1BB0D6648795C9917DCB0B1627BB9836EB75FE41AA63516E9D6B6247909AB4"
"Data2\map\south003\ST2.ROMZ","78323","2019-03-29 14:45:58","3C55E9F059E49E616DAF32003E602D8D7A12C1A33FC1E32E91C8F5ADE14488A2"
"Data2\map\south003\SusBri.ROMZ","250707","2019-03-29 14:45:58","D54A5CEA693959A28D9965662020F9B4760B780287FA4BA79C8363703336B80B"
"Data2\map\south003\TING.ROMZ","214089","2019-03-29 14:45:58","1B116AF987D5DEE1FB56B01BB7342C722FF6EB508DC7F5E0F4A64EE144217854"
"Data2\map\south003\Ting2.ROMZ","44303","2019-03-29 14:45:58","1F861A0E36489A0709493E143E92A8D40B47FFCA5FDFE573E05F290A59CCC0D5"
"Data2\map\south003\Ting2b.ROMZ","64402","2019-03-29 14:45:58","88D19821677598FA2A0300A72E78152518FDAA048D0B324CBA3C693D84E6C9A3"
"Data2\map\south003\TP_S03.ROMZ","274724","2019-03-29 14:46:00","30BAA260AF847A4464EA7C7E20F37EDB14690292C7CA1C7DD3D4D82F1A59B947"
"Data2\map\south003\TreeD.ROMZ","462143","2019-03-29 14:46:00","59E3C52BD60B6237359648B4BB413ED4E6C926478A65E3AE75A067D9A61321B0"
"Data2\map\south003\W-G.ROMZ","1729406","2019-03-29 14:46:00","052153D50A5D9D8FBEF92A803F358CAE31B277A957D94FAF3ED140176C950D33"
"Data2\map\south003\Wood02.ROMZ","638212","2019-03-29 14:46:00","68DEA7C6C65A2EF26411EABCA341A07D8BC3C83A413A00045D236D5156AD096C"
"Data2\map\tong\9TRANS.ROMZ","25976","2019-03-29 14:45:14","7BE0BDA9823CA54A829F4D9AA5659873B63F894C7DA714C9B6B4254F3F557C95"
"Data2\map\tong\indoor\TowerTOP.hmdZ","254","2019-03-29 14:45:12","4DADD056A01CB9DC4CEED6317BC5ECC5BFA9DA2A5C1AE20E96020CA615A206C1"
"Data2\map\tong\indoor\TowerTOP.ROMZ","190048","2019-03-29 14:46:00","06C115C13B0314CCB26C4C294B67708AB8C15DA499DA6680073DA4F2A634B683"
"Data2\map\tong\mazeto01\MazeTO01.mbdZ","81431","2019-03-29 14:45:14","DEB5835CB58E41A469E67E9B9473E69F3AFC1729871337530C85DEFDA68671B0"
"Data2\map\tong\mazeto01\MazeTO01.mdlZ","6613","2019-03-29 14:45:14","4B0E091ACBAE0BDEE015C49F20B48C5569E5E3EE250E5E0A510D18E424EB83A9"
"Data2\map\tong\mazeto01\MazeTO01.mdtZ","295","2019-03-29 14:45:14","76D1BB7A4F986D7CC15CE20955FEDE1D0E1E4E15DDB6FAF48DDCF33A406480C1"
"Data2\map\tong\mazeto01\MazeTO01.mmbZ","8675","2019-03-29 14:45:14","A201C625AAEC11FA0F2EB4CADA043EF53E7CFE113B936CC2A1305490D08A1B8D"
"Data2\map\tong\mazeto02\MA02s.ROMZ","1030","2019-03-29 14:45:38","98136562D8EE382265C3784FE1A4CB2E00A1639A3683F7CC8997DE6320017208"
"Data2\map\tong\mazeto02\mazeto02.mbd","476936","2026-06-20 16:58:39","AA60C7E163AC05030F1FEBFA234E848A9CBBA56EC61445D20AADED35DD60AE80"
"Data2\map\tong\mazeto02\MazeTO02.mbdZ","73052","2019-03-29 14:45:14","3D0DDC8A0C98A87A31F770A068CDA43E299EA894903BB4E5D9002403DC4837DE"
"Data2\map\tong\mazeto02\MazeTO02.mdlZ","7025","2019-03-29 14:45:14","7EEEF8D8EBCC19DB35D9BDC355CD10ECB7676D11500C8A072E1AF6902296CE2D"
"Data2\map\tong\mazeto02\MazeTO02.mdtZ","297","2019-03-29 14:45:14","5F9680681F2551D63FE34818AED3263ACF59CDD98B2608FA92924B414E0A3501"
"Data2\map\tong\mazeto02\MazeTO02.mmbZ","8593","2019-03-29 14:45:14","70E5385AB7E84B63AC26CBEB1E7655DA978B73CD67342E20F12325E0371F7AE3"
"Data2\map\tong\mazeto03\MazeTO03.mbdZ","63021","2019-03-29 14:45:14","2C18D590245C89B04155A265B3B37F9329B083689B36493863DDB301552D5C0B"
"Data2\map\tong\mazeto03\MazeTO03.mdlZ","7383","2019-03-29 14:45:14","C6C29B7F4617AD8F7E288AE8F1C5E2A11A434CF8B886E55604C259728F3D0E75"
"Data2\map\tong\mazeto03\MazeTO03.mdtZ","245","2019-03-29 14:45:14","3E63D94A789F7FA3AB6C9529BBAA724009995C5B8DF87DC033E03AEE4EFB312F"
"Data2\map\tong\mazeto03\MazeTO03.mmbZ","8530","2019-03-29 14:45:14","49B819F905DF22297BB4D5DE1F4812E94F6A86118EE3A8573C1DB8D32D3BD1EB"
"Data2\map\tong\mazeto04\MazeTO04.mbdZ","62912","2019-03-29 14:45:14","6C1D8733C850B61FE7F2D04D32FFD7B3A3673ADF9E01AC7E30941C8187F7CCA8"
"Data2\map\tong\mazeto04\MazeTO04.mdlZ","5587","2019-03-29 14:45:14","291E12C1D95DA787147AFB4C8D3BE07ED1DD24FC934B871BA87C0259871A0C5E"
"Data2\map\tong\mazeto04\MazeTO04.mdtZ","245","2019-03-29 14:45:14","FAF7659757809E305870A85953E15C6949AB967BE9F1F3E11E653C3BCE76711D"
"Data2\map\tong\mazeto04\MazeTO04.mmbZ","8532","2019-03-29 14:45:14","428B138A89AB4DCDDC2C488130AAD7F29F228DC3ED145B4B2A0D3A0AA5F96DB4"
"Data2\map\tong\TONG.Can","942","2019-03-29 14:45:12","7D97EFBA6DC2728FF8FF190B5BEDC0B29339E8E64ADEEAA17591350B2A868144"
"Data2\map\tong\TONG.mbdZ","11518","2019-03-29 14:45:14","37F68DFDA7DB8BC13246DA1F24B1CE8426FC281CA252454AAD66C7B1CA6EA1CE"
"Data2\map\tong\TONG.mdlZ","576","2019-03-29 14:45:14","61C17E2EB30C603F345CF0CE6538AEEC58146FF57E4DA4469A1E9CFA3A39F7D0"
"Data2\map\tong\TONG.mdtZ","251","2019-03-29 14:45:14","32AA84111301484E64A3D64A09CDC591031E6706CCD1114887DB12AEC82884B1"
"Data2\map\tong\TONG.mmbZ","1406","2019-03-29 14:45:14","3A85E50AEAED2C51BDF692BB29D9D3E21A92908E474315A4FB3535BABA400E43"
"Data2\map\tong\TONG.romZ","453881","2019-03-29 14:45:58","70823441BF8C3FAC2B9D0CB52B5EFEA072C7146DA77C820A6B7302ED0707B5DA"
"Data2\map\tong\tong1\base02.ROMZ","70224","2019-03-29 14:45:16","3CB3BBB4414407E59325E8CFBE6921A39D8355A057BA46A68CB173937D5C7B42"
"Data2\map\tong\tong1\CT1.ROMZ","262750","2019-03-29 14:45:16","F98D6537C2E4EEC4FDDC1620238DE35FF905F6435B2817637E745BDF6F677B23"
"Data2\map\tong\tong1\ST_9.ROMZ","79506","2019-03-29 14:45:58","93647D2477088C5E61285098C4FD0802C498E7D03B5455AD32BA0AF2A5F5DF9B"
"Data2\map\tong\tong1\tong1.mbd","515780","2019-06-05 15:38:52","1FD077E348E78E48A88D9154EE2E7B099DF077D99B133A1A547A7A2E83DF6CF1"
"Data2\map\tong\tong1\Tong1.mbdZ","112038","2019-03-29 14:45:14","E2EE93EF151F484FB2968D0B602EEF47CA83C1403808C7C5E8C4E882B9EEFC03"
"Data2\map\tong\tong1\Tong1.mdlZ","15057","2019-03-29 14:45:14","9538385A15706A645D0E58C78A69D5111EE1FD90BB003E580C46A7EBF7E3EA45"
"Data2\map\tong\tong1\Tong1.mdtZ","691","2019-03-29 14:45:14","0609984AF3781915BC4F18A43D8DE827768287F1DA73D350A8D6BBDFA4334811"
"Data2\map\tong\tong1\Tong1.mmbZ","9612","2019-03-29 14:45:14","F8AA3CB2231A0EF6371BAEE23E1BB0B02EC7C79D2AA44E23CD7D50F95357F8A9"
"Data2\map\tong\tong1\TongA.ROMZ","512642","2019-03-29 14:45:58","E758E2E5D0445B1818C430258629C840779CA33E600E897E28BA02E2724CAA04"
"Data2\map\tong\tong1\TongG.romZ","445321","2019-03-29 14:45:58","2B0F3F25510841E655474619304C681B95FECDB6EA39EDC8CFCD95026736BDFA"
"Data2\map\tong\tong1\trees.ROMZ","1721274","2019-03-29 14:46:00","84115933086AE59B0820B30531CA663B0E43EE6A4C282D04289823A5CD589F60"
"Data2\map\tong\tong2\base02.ROMZ","70224","2019-03-29 14:45:16","3CB3BBB4414407E59325E8CFBE6921A39D8355A057BA46A68CB173937D5C7B42"
"Data2\map\tong\tong2\CT1.ROMZ","262750","2019-03-29 14:45:16","F98D6537C2E4EEC4FDDC1620238DE35FF905F6435B2817637E745BDF6F677B23"
"Data2\map\tong\tong2\M1.ROMZ","1508225","2019-03-29 14:45:38","C7A4BB6E5FBFEEBF149CCC4051BB8837A791F56A72689766C30E2EC08298599A"
"Data2\map\tong\tong2\ST_9.ROMZ","79506","2019-03-29 14:45:58","93647D2477088C5E61285098C4FD0802C498E7D03B5455AD32BA0AF2A5F5DF9B"
"Data2\map\tong\tong2\tong2.mbd","515780","2020-09-19 09:48:18","4F38365E9DF09246378BDD77342676CE81F6BB42BD05EF478DCE2CE20E341D27"
"Data2\map\tong\tong2\Tong2.mbdZ","109438","2019-03-29 14:45:14","B6042A16229657F7F26B0A5B2BBB2C99E2EA046FC0987C3334FC8A195A503584"
"Data2\map\tong\tong2\Tong2.mdlZ","10915","2019-03-29 14:45:14","E95F7798BB5DD2A7344D040B0FEDD1883ACE84D53E8AF209E231CA7319D2B63F"
"Data2\map\tong\tong2\Tong2.mdtZ","691","2019-03-29 14:45:14","0609984AF3781915BC4F18A43D8DE827768287F1DA73D350A8D6BBDFA4334811"
"Data2\map\tong\tong2\Tong2.mmbZ","9628","2019-03-29 14:45:14","DF1BC2EC589CDF0E1C74138B614C1CEB1D2C8F4C95A02D6FC60DB3D9E29AE4C9"
"Data2\map\tong\tong2\TongA.ROMZ","512642","2019-03-29 14:45:58","E758E2E5D0445B1818C430258629C840779CA33E600E897E28BA02E2724CAA04"
"Data2\map\tong\tong2\TongG.romZ","445318","2019-03-29 14:45:58","4A6C9E489AC4D3AF39105EB16EA34CBF8434AA81C578AF2C6DC4A8C79E15B545"
"Data2\map\tong\tong3\base02.ROMZ","70224","2019-03-29 14:45:16","3CB3BBB4414407E59325E8CFBE6921A39D8355A057BA46A68CB173937D5C7B42"
"Data2\map\tong\tong3\bri1.ROMZ","195296","2019-03-29 14:45:16","DED186A3658F45C0960EE68F3942E61824E01E0DA0096610D69A58978F17513B"
"Data2\map\tong\tong3\CT1.ROMZ","262750","2019-03-29 14:45:16","F98D6537C2E4EEC4FDDC1620238DE35FF905F6435B2817637E745BDF6F677B23"
"Data2\map\tong\tong3\dwG.romZ","1944420","2019-03-29 14:45:18","E324EE36E7F664B37629EF94ADC2975FF4AFB5DDE699ACEED7271DE9A4D3E760"
"Data2\map\tong\tong3\fish.ROMZ","28566","2019-03-29 14:45:32","7BE5D231A38F47302C16826E2FC642C686CCD3EC84E8FC138781CD64438F13E1"
"Data2\map\tong\tong3\Flower04.ROMZ","79094","2019-03-29 14:45:32","EF7E3788EB65B0CCD8143D4BF2C04636C52511F450F5E392027A64F9C4891587"
"Data2\map\tong\tong3\G_SKY.ROMZ","877141","2019-03-29 14:45:32","3B6B97C86BD44E6A6EF2A455AA5A4A633BDB57AAD77B000B642B4034B6F7A76F"
"Data2\map\tong\tong3\ggg002.ROMZ","9426","2019-03-29 14:45:32","B2DBBE713653B5CA04A3DAC820A0DAD13E036161B8D60D0AD0F577B09D9AF2B6"
"Data2\map\tong\tong3\ggg003.ROMZ","4027","2019-03-29 14:45:32","78FD633BDD58B1A3E87507F1464E0E95239EDB7E6D04445557AF24A115FF3B09"
"Data2\map\tong\tong3\ggg004.ROMZ","1733","2019-03-29 14:45:32","7496E9246D47EE28F2A670B3466D738D085CD6C713B615C7C9838F9397640E08"
"Data2\map\tong\tong3\GRA01.ROMZ","24187","2019-03-29 14:45:36","7BBBCF09A87447A0F32891B9949D962DE1BCFD4E4089F0C12A9557DCC677F426"
"Data2\map\tong\tong3\head.ROMZ","90938","2019-03-29 14:45:36","DE0E3AD8E794BD4254BBB95D029780D90C8B98E16720A864A81610F3745C072E"
"Data2\map\tong\tong3\IS01_W.romZ","17063","2019-03-29 14:45:36","524A8F95D1942152D65392EB4BBAE7C1803D1E785BBBD005C2039928A8EC50D8"
"Data2\map\tong\tong3\M1.ROMZ","1508225","2019-03-29 14:45:38","C7A4BB6E5FBFEEBF149CCC4051BB8837A791F56A72689766C30E2EC08298599A"
"Data2\map\tong\tong3\NEWnew01.romZ","145927","2019-03-29 14:45:40","4CA9A4AFEF7D0C37FD9162BCA6627008BF27ADADE562E4B67A599F38707E2BF0"
"Data2\map\tong\tong3\Pool.ROMZ","153413","2019-03-29 14:45:44","77377E0055EC87464458CDBDEF0010B94970BB744632186B211B1E5023FD264F"
"Data2\map\tong\tong3\ST_9.ROMZ","79506","2019-03-29 14:45:58","93647D2477088C5E61285098C4FD0802C498E7D03B5455AD32BA0AF2A5F5DF9B"
"Data2\map\tong\tong3\tong3.mbd","515780","2023-03-10 16:55:04","A63F96A812598A73D86AADDB605AE960272C13E599A2A5467140CEC4B77B2F76"
"Data2\map\tong\tong3\Tong3.mbdZ","98829","2019-03-29 14:45:14","2D963082BF96D3E6E69591476D1B28900CE53B8E7F9C987DFD83296B43902B7B"
"Data2\map\tong\tong3\Tong3.mdlZ","15843","2019-03-29 14:45:14","EC4F401FCC39492BB686B63275EC20D9D6E575DCDD67DA4D4B287C875D4CDFAF"
"Data2\map\tong\tong3\Tong3.mdtZ","663","2019-03-29 14:45:14","F3909B1739910F628CDCDB5A94F3F69D6D7A76DF599FC26B86DBB46E5BFED5D7"
"Data2\map\tong\tong3\Tong3.mmbZ","9352","2019-03-29 14:45:14","0AAB3542AB0D7F1A2B015CDC524ED939B66C9EE8C01C228AE9A0D1EDD31F8A5B"
"Data2\map\tong\tong3\TongA.ROMZ","512642","2019-03-29 14:45:58","E758E2E5D0445B1818C430258629C840779CA33E600E897E28BA02E2724CAA04"
"Data2\map\tong\tong3\TongG.romZ","445318","2019-03-29 14:45:58","4A6C9E489AC4D3AF39105EB16EA34CBF8434AA81C578AF2C6DC4A8C79E15B545"
"Data2\map\tong\tong3\tree04.ROMZ","84429","2019-03-29 14:46:00","3D7B669348FE1B3FCCCED74C661ACCEB301822E755878516A4889FF979F3890E"
"Data2\map\tong\tong3\tree09.ROMZ","57745","2019-03-29 14:46:00","40D6D59092041027DA170B2A226BBA4DC1CFE4005CEBD54A3EAC3BA539537DB9"
"Data2\map\tong\tong3\tree0b.ROMZ","18722","2019-03-29 14:46:00","09CD776CCBE5684CAB1806AF9463FB8F2C6104DB35EB9FE2084379CAA9146C21"
"Data2\map\tong\tong3\walls001.ROMZ","411392","2019-03-29 14:46:00","868DECEF89A31B91DC0455BB6F28E4ED91AB4B1BEF47C995472B872F5D7F7A97"
"Data2\map\tong\tong4\base02.ROMZ","70224","2019-03-29 14:45:16","3CB3BBB4414407E59325E8CFBE6921A39D8355A057BA46A68CB173937D5C7B42"
"Data2\map\tong\tong4\CT1.ROMZ","262750","2019-03-29 14:45:16","F98D6537C2E4EEC4FDDC1620238DE35FF905F6435B2817637E745BDF6F677B23"
"Data2\map\tong\tong4\ST_9.ROMZ","79506","2019-03-29 14:45:58","93647D2477088C5E61285098C4FD0802C498E7D03B5455AD32BA0AF2A5F5DF9B"
"Data2\map\tong\tong4\T2Base.ROMZ","60749","2019-03-29 14:45:58","7D6558745257734D7BF0A8A1331D75157B9CC6792C158C1A46B90008DC55A9A1"
"Data2\map\tong\tong4\tong4.mbd","515780","2025-10-28 23:32:49","43197C77D613FAC7953821613A90102B69EA75AB80ED4A83417831B49A5B3DF8"
"Data2\map\tong\tong4\Tong4.mbdZ","104197","2019-03-29 14:45:14","81C4637997AC6EA57626516F840471A843A0423EF7F52D2E76BCA1C4848C297B"
"Data2\map\tong\tong4\Tong4.mdlZ","11517","2019-03-29 14:45:14","50FCE881A1CBA874CFC78AF02320AA53EC860E2DBE10BCDF69742E145C926022"
"Data2\map\tong\tong4\Tong4.mdtZ","691","2019-03-29 14:45:14","0609984AF3781915BC4F18A43D8DE827768287F1DA73D350A8D6BBDFA4334811"
"Data2\map\tong\tong4\Tong4.mmbZ","9608","2019-03-29 14:45:14","3CC6980E246B3F7F1C0284792D3ABA5E6345EE655540EB325B9FFBB0743901D8"
"Data2\map\tong\tong4\TongA.ROMZ","512642","2019-03-29 14:45:58","E758E2E5D0445B1818C430258629C840779CA33E600E897E28BA02E2724CAA04"
"Data2\map\tong\tong4\TongG.romZ","445309","2019-03-29 14:45:58","14CDAD1ECB5CD844C31F44F1285DEBD963256002A2FF5D1A6E0F3568662678B4"
"Data2\map\tong\tong4\TongGW.romZ","769610","2019-03-29 14:45:58","C95CC727FE7C0B10ED55411473FA25A86E013B1CA2F31A0650179019F38B89BC"
"Data2\map\tong\tong4\W1.ROMZ","1301853","2019-03-29 14:46:00","F6F6376E5D6C1DFFDBBB09530DE57CCC140CA5DAB2382BC0AAADE11A9BFB9211"
"Data2\map\tong\tonggem\TongGem.mbdZ","118954","2019-03-29 14:45:14","2E7A1A2AD7BA5CE03A6EC29341DD851F24FA762309E6BEB4EC26A6F1453FC29C"
"Data2\map\tong\tonggem\TongGem.mdlZ","10526","2019-03-29 14:45:14","44577056637E3A651F6CBF8D177A65A175FE0CDF7F5273D6E534D80C5312D248"
"Data2\map\tong\tonggem\TongGem.mdtZ","261","2019-03-29 14:45:14","4FB6540B04FEA9177AE3529623634512B8F0166682BFC7EC8BC96827A568DD06"
"Data2\map\tong\tonggem\TongGem.mmbZ","36692","2019-03-29 14:45:14","68B2A89B69270ADF1A19FE2A4A39DFE9F2A4EF70BA37CDCB793C9987498D60D5"
"Data2\map\tong\tongwar1\TongWar1.mbdZ","56333","2019-03-29 14:45:14","769877F7FE2E5A670962B674C91E4FE0D54D4D4F2327DFF3695C8C552E3AFC80"
"Data2\map\tong\tongwar1\TongWar1.mdlZ","7992","2019-03-29 14:45:14","B3B876ED72CAC283AF8220E18D14372B7A04603D4FE722997347187D54C8E3A3"
"Data2\map\tong\tongwar1\TongWar1.mdtZ","253","2019-03-29 14:45:14","A6F17D3685CAA9AAE53334CF2DED165CC277643C4DDE96CA3ABEC2E96CA92CDA"
"Data2\map\tong\tongwar1\TongWar1.mmbZ","5455","2019-03-29 14:45:14","CC9ECB3EB5951682E309105DB856E59FAF0FCE3BB508066D7901AC0302E4126F"
"Data2\map\tong\tower3\IN.ROMZ","18649","2019-03-29 14:45:36","155BB4023664D93AEBD24F0D15D0817110C6171C364AC969B75D751AD1157ACA"
"Data2\map\tong\tower3\IW.ROMZ","360446","2019-03-29 14:45:36","756F5209F2CFDA0612FE4C2F497E5E267455AB8800E1FC051A3DEDE3ACE54471"
"Data2\map\tong\tower3\Tower3.mbdZ","31698","2019-03-29 14:45:14","477B0A0CF2688F7C143E8DACE0201909B08932583D502A4FE7D9DF924BEA0A98"
"Data2\map\tong\tower3\Tower3.mdlZ","2116","2019-03-29 14:45:14","0FE5012F096262EA1605E91AC34110BA8A751088DCC1EE8A2736A177B5C9094D"
"Data2\map\tong\tower3\Tower3.mdtZ","209","2019-03-29 14:45:14","A5A4D48C4CE1F7596A1C07A27F33FB415EF4773D29927C12722F4BA6E3AA2E20"
"Data2\map\tong\tower3\Tower3.mmbZ","4491","2019-03-29 14:45:14","FAF250848D901676E2DDA566170E4A3D8D1B5B0914FB897034ADDE5C0F806B20"
"Data2\map\tong\tower3\towerG.romZ","75646","2019-03-29 14:45:58","0D61A0E98DF961F550566FE702A3FB797984D43CC694121666CFED2657AC5344"
